id,country_id,year,GDP,GDP growth,GDP per capita,Agriculture,Industry,Services,Agriculture employment,Industry employment,Services employment,Unemployment rate,Labour participation (females),Labour participation (males),CPI,Agricultural index,Industrial index,Exports,Imports,Trade balance,Current account
1,1,2005,6622,9.9,264.0,35.2,26.0,38.8,71.8,6.6,21.7,8.5,16.1,87.1,71,107,,,,,
2,1,2010,16078,3.2,558.0,28.8,21.3,49.8,64.5,6.1,29.4,7.8,14.7,86.5,100,116,,388,5154,- 4 766,- 1 505
3,1,2018,20235,3.6,584.0,24.1,22.0,53.9,62.0,6.8,31.3,8.8,19.5,86.7,145,125,,700,7384,- 6 684,- 4 683
4,2,2005,8052,5.5,2615.0,21.5,28.7,49.8,54.0,19.9,26.2,17.5,48.1,67.9,87,98,100,658,2614,- 1 956,-571
5,2,2010,11927,3.7,4056.0,20.7,28.7,50.7,43.9,19.4,36.7,14.2,45.7,63.0,100,119,200,1550,4603,- 3 053,- 1 356
6,2,2018,11864,3.4,4054.0,22.7,23.7,53.6,38.9,18.7,42.4,15.1,47.0,64.7,115,143,355,2262,5826,- 3 565,-909
7,3,2005,103198,5.9,3100.0,8.0,59.7,32.3,20.0,29.8,50.2,15.3,12.8,71.8,82,99,100,46002,20357,25645,21180
8,3,2010,161207,3.6,4463.0,8.6,51.4,40.0,16.5,39.4,44.0,10.0,14.4,70.0,100,130,97,57051,41000,16051,12220
9,3,2018,159049,3.3,3917.0,12.7,36.1,51.1,12.8,46.5,40.7,9.9,15.3,67.2,142,151,104,35191,46053,- 10 862,- 26 179
10,4,2005,,,,,,,3.1,41.7,51.9,5.1,41.2,58.8,,100,,,,,
11,4,2010,,,,,,,3.0,23.2,73.8,9.2,,,,110,,,,,
12,4,2018,,,,,,,,,,,,,,116,,,,,
13,5,2005,3256,7.4,41281.0,0.4,17.3,82.3,,,,,,,90,,,143,1796,- 1 653,
14,5,2010,3355,-5.4,39734.0,0.5,14.6,84.8,,,,,,,100,,,92,1541,- 1 448,
15,5,2018,2858,1.2,36987.0,0.6,11.1,88.4,,,,,,,105,,,120,1480,- 1 360,
16,6,2005,36971,15.0,1891.0,5.0,59.7,35.3,37.5,8.8,53.7,21.4,74.9,80.6,54,102,,23835,8321,15514,5138
17,6,2010,83799,4.7,3586.0,6.1,51.2,42.7,47.2,8.8,44.0,9.9,75.3,80.5,100,167,,52612,18143,34469,7506
18,6,2018,106918,-0.7,3711.0,8.0,46.0,46.0,50.4,8.7,40.9,8.5,75.3,80.0,281,192,,13311,3845,9466,- 3 071
19,7,2005,229,13.1,18129.0,2.7,19.3,78.0,2.9,18.9,76.7,7.8,67.2,77.2,82,,,7,133,-126,-52
20,7,2010,268,-4.5,19459.0,2.0,15.8,82.2,,,,,,,100,,,12,150,-137,-51
21,7,2018,338,1.1,22861.0,2.8,14.3,82.9,,,,,,,105,,,3,194,-191,-99
22,8,2005,1015,6.4,11372.0,2.0,16.3,81.7,2.8,15.6,81.6,8.4,65.9,78.4,89,95,,121,525,-405,-171
23,8,2010,1148,-7.2,12127.0,1.8,18.2,80.0,2.8,15.6,81.6,,,,100,73,,35,501,-466,-167
24,8,2018,1460,5.3,14462.0,1.9,19.8,78.3,,,,,,,112,70,,62,630,-567,2
25,9,2005,200622,8.9,5125.0,9.3,33.7,57.0,1.3,23.3,75.5,11.5,49.4,75.6,,105,,40106,28689,11418,5274
26,9,2010,426487,10.1,10346.0,8.5,30.1,61.4,1.3,23.3,75.4,7.4,46.4,74.0,,112,,68174,56792,11382,- 1 623
27,9,2018,545866,-2.3,12449.0,7.6,26.7,65.8,0.5,23.2,76.3,8.4,47.2,73.1,113,131,,58384,66899,- 8 515,- 30 792
28,10,2005,5226,13.9,1753.0,19.9,43.8,36.3,40.6,17.7,41.7,8.2,47.5,65.9,76,108,100,937,1692,-755,-124
29,10,2010,9875,2.2,3432.0,17.8,34.7,47.4,38.6,17.4,44.0,19.0,49.6,71.6,100,96,105,1011,3782,- 2 770,- 1 261
30,10,2018,10572,0.2,3615.0,17.4,26.9,55.7,33.2,16.3,50.4,18.0,51.6,70.8,124,127,,2041,4077,- 2 035,-400
31,11,2005,2331,1.2,23303.0,0.4,19.6,80.0,0.5,16.4,82.3,6.9,,,84,,,106,1030,-924,105
32,11,2010,2391,-3.4,23513.0,0.5,15.4,84.2,0.6,14.5,84.4,10.6,59.5,68.9,100,,,125,1071,-947,-460
33,11,2018,2667,-0.2,25444.0,0.5,15.4,84.2,0.6,14.0,85.1,,58.8,69.6,102,,,95,1152,- 1 057,141
34,12,2005,762488,3.0,37674.0,3.0,27.9,69.1,3.6,21.1,75.3,5.0,57.0,72.2,86,99,100,106011,125221,- 19 210,- 43 343
35,12,2010,1 293 794,2.4,58490.0,2.5,28.5,69.0,3.2,21.0,75.8,5.2,58.7,72.4,100,95,111,212109,201703,10405,- 44 714
36,12,2018,1 304 463,2.0,54069.0,2.5,25.7,71.8,2.6,19.0,78.5,5.6,59.2,70.4,116,104,123,230163,228442,1721,- 32 653
37,13,2005,315967,2.1,38282.0,1.4,30.5,68.1,5.3,27.6,67.2,5.6,50.7,66.1,91,100,100,117722,119950,- 2 228,6245
38,13,2010,391893,1.9,46599.0,1.4,28.7,69.9,5.2,24.9,69.9,4.8,53.5,66.9,100,98,110,144882,150593,- 5 711,11478
39,13,2018,390800,1.5,44857.0,1.2,27.7,71.0,4.2,25.5,70.3,5.3,54.9,65.8,114,100,119,159785,166551,- 6 766,7709
40,14,2005,13245,28.0,1551.0,9.8,63.2,27.0,40.5,12.6,46.9,7.3,61.1,66.0,61,104,100,4347,4211,136,167
41,14,2010,52906,4.6,5857.0,5.9,64.0,30.1,38.2,13.7,48.0,5.6,61.4,66.8,100,117,200,21278,6597,14682,15040
42,14,2018,37847,-2.5,3892.0,6.0,51.3,42.7,37.5,13.8,48.7,5.1,62.8,69.2,149,141,188,13798,8767,5031,1685
43,15,2005,9836,3.4,29875.0,1.1,11.7,87.1,3.5,17.8,78.7,10.2,69.9,81.6,88,99,,271,2567,- 2 296,-701
44,15,2010,10096,1.5,27979.0,1.2,12.4,86.4,3.3,14.7,82.0,14.3,70.1,82.0,100,123,,620,2862,- 2 242,-814
45,15,2018,11262,0.2,28785.0,1.0,12.8,86.2,4.0,11.7,84.3,12.3,70.1,82.0,111,131,,280,2660,- 2 380,- 1 106
46,16,2005,15969,6.8,17959.0,0.3,42.8,56.9,1.3,30.7,68.0,7.8,38.9,86.2,87,91,100,10239,9339,899,1474
47,16,2010,25713,4.3,20722.0,0.3,45.5,54.2,1.1,35.7,63.2,1.1,43.8,87.4,100,118,117,16059,16002,58,770
48,16,2018,32179,3.3,22579.0,0.3,39.8,59.8,1.0,35.6,63.4,1.4,44.2,87.0,115,198,134,9666,12613,- 2 947,- 1 600
49,17,2005,57628,6.0,402.0,20.1,27.2,52.6,48.1,14.5,37.4,4.2,28.0,86.2,69,103,100,9332,12631,- 3 299,508
50,17,2010,114508,5.6,753.0,17.8,26.1,56.0,47.3,17.6,35.1,3.4,30.0,83.6,100,128,148,19231,30504,- 11 273,2109
51,17,2018,220837,7.1,1355.0,14.8,28.8,56.5,37.6,21.4,41.0,4.4,33.2,79.8,161,144,206,31367,47743,- 16 376,- 6 365
52,18,2005,3897,4.0,14223.0,1.8,16.9,81.3,2.4,20.6,77.0,9.1,64.2,75.4,,106,100,361,1672,- 1 311,-466
53,18,2010,4365,0.3,15613.0,1.5,15.5,83.0,2.8,28.0,69.2,10.7,63.5,73.1,100,91,88,314,1196,-883,-218
54,18,2018,4553,1.7,15975.0,1.6,15.5,83.0,2.9,19.2,78.0,9.5,61.9,69.5,124,85,80,485,1600,- 1 114,
55,19,2005,31310,9.4,3254.0,9.7,43.1,47.2,13.9,35.6,50.5,0.9,55.4,67.3,62,98,100,15977,16699,-722,459
56,19,2010,57232,7.7,6042.0,10.1,40.3,49.5,10.8,34.6,54.6,1.2,57.5,69.5,100,117,146,25283,34884,- 9 601,- 8 280
57,19,2018,47408,-2.6,5001.0,7.9,36.1,56.0,9.7,31.0,59.3,0.5,58.2,70.3,459,120,163,29207,34235,- 5 027,-931
58,20,2005,387356,2.1,36727.0,0.9,25.1,74.0,2.0,24.7,73.3,8.4,45.5,61.3,90,100,100,335692,319085,16606,7703
59,20,2010,483549,2.7,44205.0,0.9,23.2,76.0,1.4,23.4,75.3,8.3,47.5,60.8,100,100,117,407596,391256,16340,7977
60,20,2018,467955,1.5,41199.0,0.7,22.2,77.2,1.2,21.3,77.5,7.2,47.8,58.5,113,101,121,429980,406412,23568,-790
61,21,2005,1114,3.0,3933.0,14.7,16.5,68.8,19.6,17.9,62.6,11.0,45.9,81.9,88,101,100,208,439,-231,-151
62,21,2010,1397,3.3,4344.0,12.6,20.7,66.7,17.2,18.0,64.8,11.3,52.4,82.1,100,97,,282,700,-418,-46
63,21,2018,1741,-0.6,4745.0,10.9,18.0,71.1,15.5,15.4,69.1,7.6,53.7,81.4,106,97,,278,913,-636,-131
64,22,2005,4804,1.7,602.0,27.1,30.3,42.5,47.5,11.9,40.6,0.9,67.3,76.6,84,104,100,288,899,-611,-226
65,22,2010,6970,2.1,758.0,25.4,24.7,49.9,45.3,10.5,44.2,1.0,69.2,73.0,100,118,129,534,2134,- 1 600,-530
66,22,2018,8894,5.0,818.0,23.0,24.1,52.9,42.4,18.6,39.0,2.4,68.9,73.1,109,153,148,160,2690,- 2 530,-809
67,23,2005,4868,1.7,74745.0,0.8,9.7,89.5,1.7,12.1,86.2,2.7,67.4,79.2,,98,,49,988,-939,
68,23,2010,5855,-2.5,91552.0,0.7,7.1,92.2,1.4,12.9,85.7,4.5,81.0,87.0,,109,,15,970,-955,696
69,23,2018,6127,-0.1,99363.0,0.8,5.6,93.6,1.6,10.3,87.6,6.7,72.6,80.0,148,112,,12,1078,- 1 066,766
70,24,2005,819,7.1,1247.0,23.2,37.3,39.5,70.3,4.8,24.9,3.1,65.4,75.4,75,106,,258,387,-129,
71,24,2010,1585,11.7,2179.0,17.5,44.6,37.9,59.6,6.6,33.8,3.3,64.6,74.3,100,95,,413,854,-440,-323
72,24,2018,2213,8.0,2774.0,17.3,43.5,39.2,55.6,9.7,34.7,2.4,58.5,74.3,158,102,,520,983,-463,-546
73,25,2005,9549,4.4,1046.0,13.9,30.9,55.2,35.2,20.4,44.4,5.1,62.5,82.6,73,100,,2797,2343,454,622
74,25,2010,19650,4.1,1981.0,12.4,35.8,51.8,30.0,20.6,49.3,2.5,62.0,82.0,100,120,,6965,5604,1361,874
75,25,2018,33806,4.3,3105.0,12.9,29.3,57.7,26.4,22.5,51.1,3.1,55.3,79.9,142,147,,7852,9302,- 1 450,- 2 377
76,27,2005,11223,3.9,2968.0,9.8,25.3,64.9,24.6,28.4,47.1,29.8,37.9,60.5,85,98,100,2388,7054,- 4 665,- 1 844
77,27,2010,17176,0.9,4615.0,8.0,26.4,65.6,19.6,29.1,51.2,27.2,37.1,59.9,100,107,135,4803,9223,- 4 420,- 1 031
78,27,2018,16910,3.2,4808.0,7.5,27.2,65.3,18.6,32.1,49.3,26.0,35.1,58.5,104,118,143,6367,10444,- 4 078,-875
79,28,2005,9931,4.6,5351.0,2.0,47.6,50.3,27.0,17.2,55.9,20.7,54.4,71.5,64,101,,4431,3162,1268,1598
80,28,2010,12787,8.6,6346.0,2.8,35.7,61.6,26.4,13.8,59.8,17.9,53.5,67.3,100,125,,4693,5657,-964,-533
81,28,2018,15566,4.3,6917.0,2.2,34.7,63.1,25.8,13.6,60.6,18.3,66.0,78.6,141,120,,5898,5283,615,2149
82,29,2005,891634,3.2,4770.0,5.5,28.5,66.0,20.5,21.4,58.1,9.3,55.4,79.2,80,99,100,118529,73600,44928,13985
83,29,2010,2 208 838,7.5,11224.0,4.8,27.4,67.8,16.0,22.3,61.7,8.4,54.6,77.7,100,122,115,201915,181768,20147,- 75 760
84,29,2018,1 795 926,-3.6,8649.0,5.1,24.8,70.1,10.2,20.9,69.0,11.9,53.1,74.5,156,136,111,217739,150749,66990,- 9 762
85,30,2005,853,15.5,36802.0,0.2,6.1,93.7,,,,,,,,100,,0,227,-226,
86,30,2010,876,-0.1,32183.0,0.2,5.3,94.5,0.5,11.1,87.4,,,,,102,,0,313,-313,
87,30,2018,971,0.3,31677.0,0.2,6.5,93.3,,,,,,,,103,,0,403,-403,
88,31,2005,10561,0.4,28923.0,0.9,72.0,27.1,1.0,19.2,79.8,5.9,56.6,78.0,96,75,100,6242,1447,4794,4033
89,31,2010,13707,2.6,35267.0,0.7,67.4,31.9,0.7,19.2,80.0,6.2,58.0,76.4,100,139,88,8908,2539,6369,5016
90,31,2018,11400,-2.5,26939.0,1.2,56.5,42.4,0.5,17.6,81.9,7.1,59.0,74.5,99,169,79,5571,3085,2486,1766
91,32,2005,29636,7.1,3857.0,8.6,28.4,63.0,8.9,34.2,56.8,10.1,44.7,56.4,73,90,100,11739,18162,- 6 423,- 3 347
92,32,2010,50610,1.3,6835.0,4.8,27.4,67.8,6.8,33.0,60.2,10.3,47.7,59.5,100,106,98,20608,25360,- 4 752,-965
93,32,2018,53240,3.9,7465.0,4.7,28.3,67.0,6.1,29.0,64.9,5.9,47.8,59.5,108,114,105,30182,34149,- 3 967,2628
94,33,2005,5463,8.7,407.0,38.5,17.7,43.8,82.0,5.1,12.9,4.0,62.4,86.8,87,104,,332,1161,-828,-634
95,33,2010,8980,8.4,575.0,35.1,20.2,44.7,60.9,11.4,27.7,4.7,59.7,81.7,100,118,,1288,2048,-760,-181
96,33,2018,11695,5.9,627.0,30.3,25.7,44.0,27.6,32.0,40.4,6.2,57.9,75.0,108,125,,2262,4083,- 1 821,-780
97,34,2005,1117,0.9,150.0,43.0,17.8,39.1,91.8,2.6,5.6,1.7,82.1,80.2,61,92,,114,258,-144,-6
98,34,2010,2032,5.1,232.0,40.7,16.3,43.0,91.4,2.6,6.1,1.6,80.4,78.2,100,108,,118,404,-286,-301
99,34,2018,2874,1.7,273.0,37.7,15.2,47.1,91.5,2.5,6.0,1.5,80.3,77.5,189,108,,142,725,-583,-355
100,35,2005,1105,6.5,2329.0,11.7,22.8,65.5,73.2,6.8,20.0,11.2,44.2,75.7,83,99,,89,438,-349,-41
101,35,2010,1664,1.5,3313.0,9.2,20.8,70.1,69.7,7.3,23.0,10.7,46.0,72.8,100,106,,220,731,-511,-223
102,35,2018,1639,3.8,3038.0,9.4,19.9,70.6,67.2,6.9,25.9,10.4,50.0,71.6,108,97,,50,794,-744,-125
103,36,2005,6293,13.2,474.0,32.4,26.4,41.2,70.8,9.8,19.4,2.0,76.9,86.7,68,105,,3019,2552,467,-307
104,36,2010,11242,6.0,786.0,36.0,23.3,40.7,54.2,16.2,29.6,0.4,81.8,89.3,100,148,,5590,4903,688,-538
105,36,2018,20017,6.9,1270.0,26.3,31.3,42.4,25.7,26.9,47.4,0.2,81.2,88.9,125,186,,12440,13155,-716,- 1 775
106,37,2005,17944,2.0,1030.0,15.2,30.3,54.6,64.9,9.6,25.5,4.4,70.4,81.4,86,103,100,2849,2800,49,-495
107,37,2010,26144,3.4,1309.0,15.1,29.1,55.8,64.9,9.3,25.8,4.1,70.6,81.4,100,140,102,3878,5133,- 1 255,-856
108,37,2018,32217,4.5,1374.0,16.7,26.6,56.7,61.6,9.3,29.1,4.2,71.3,81.2,115,175,112,2433,4224,- 1 791,- 1 037
109,38,2005,1 169 393,3.2,36218.0,1.8,32.4,65.8,2.7,22.0,75.2,6.8,60.9,72.6,92,102,100,360552,314444,46108,21931
110,38,2010,1 613 463,3.1,47221.0,1.4,28.6,70.0,2.3,19.8,77.9,8.1,61.9,71.4,100,103,88,386580,392109,- 5 529,- 58 160
111,38,2018,1 529 760,1.5,42154.0,1.7,28.5,69.8,1.9,19.5,78.6,6.3,60.6,69.6,112,113,92,420502,432721,- 12 219,- 48 800
112,39,2005,3042,6.5,62559.0,0.2,9.1,90.6,1.7,22.2,75.5,3.5,,,,101,,52,1191,- 1 138,
113,39,2010,3267,-2.7,58859.0,0.3,7.7,92.0,0.6,14.9,84.2,6.7,80.6,88.0,100,100,,13,828,-815,
114,39,2018,3844,1.8,63261.0,0.3,7.5,92.2,0.8,15.5,83.6,6.3,80.6,85.6,103,103,,79,988,-909,
115,40,2005,1413,2.4,342.0,45.0,18.6,36.5,86.4,7.0,6.6,6.2,64.1,78.8,81,101,100,111,185,-75,
116,40,2010,2034,3.6,457.0,41.2,24.0,34.8,86.2,7.1,6.8,6.3,64.1,79.0,100,115,126,90,210,-120,
117,40,2018,1810,4.5,394.0,31.9,25.5,42.6,85.6,7.9,6.5,5.8,63.3,80.0,187,122,86,41,333,-292,
118,41,2005,6681,7.9,664.0,26.0,35.1,38.9,87.2,5.3,7.5,5.7,64.9,79.9,86,106,100,3095,953,2142,
119,41,2010,9791,13.4,824.0,35.9,36.7,27.4,86.8,6.1,7.1,5.7,64.8,79.1,100,147,79,3410,2507,904,
120,41,2018,11267,-3.4,780.0,27.5,32.6,39.9,87.0,4.9,8.0,5.9,64.8,77.5,116,150,65,1344,844,499,
121,42,2005,,,,,,,20.9,30.2,48.9,9.3,50.0,68.9,,,,,,,
122,42,2010,,,,,,,21.0,30.0,49.0,9.7,50.2,67.4,,,,,,,
123,42,2018,,,,,,,19.9,29.7,50.4,9.3,49.2,65.2,,,,,,,
124,43,2005,122965,6.2,7615.0,4.6,39.1,56.3,13.2,23.0,63.9,8.0,38.3,73.0,,100,,41973,32927,9046,1825
125,43,2010,218538,5.8,12860.0,3.9,38.8,57.3,10.6,23.0,66.4,8.4,47.1,75.0,101,108,,71106,59007,12099,3069
126,43,2018,247046,1.6,13794.0,4.3,31.3,64.4,9.4,22.7,67.9,7.1,50.8,74.5,116,114,,69229,65062,4168,- 4 146
127,44,2005,2 308 800,11.4,1747.0,12.0,47.2,40.9,35.8,29.6,34.6,4.1,66.8,79.7,,100,,761953,659953,102001,132378
128,44,2010,6 066 351,10.6,4461.0,9.8,46.6,43.6,26.2,30.2,43.6,4.2,63.8,77.9,100,120,,1 577 764,1 396 002,181762,237810
129,44,2018,11 218 281,7.3,7993.0,8.9,40.0,51.2,16.4,26.3,57.2,4.7,60.9,75.7,104,139,,2 238 669,1 844 183,394485,164887
130,45,2005,181569,7.4,26593.0,0.1,8.7,91.3,0.3,15.1,84.7,5.6,51.7,71.1,90,99,,292119,300160,- 8 042,21575
131,45,2010,228639,6.8,32545.0,0.1,7.0,93.0,0.2,13.3,86.4,4.3,51.4,68.1,100,55,,400692,441369,- 40 677,16012
132,45,2018,320912,2.0,43943.0,0.1,7.2,92.7,0.2,13.0,86.8,3.2,53.8,67.8,128,59,,550240,589824,- 39 584,14736
133,46,2005,12092,8.1,25059.0,,14.9,85.1,0.1,25.0,74.8,4.2,57.3,72.5,80,100,100,2474,4514,- 2 040,2902
134,46,2010,28124,25.3,52375.0,,7.4,92.6,0.2,13.7,86.0,2.8,65.3,76.9,100,95,45,870,5629,- 4 760,11089
135,46,2018,45311,-0.9,74018.0,,8.0,92.0,0.5,20.0,79.5,1.9,66.0,76.1,136,90,42,1406,9449,- 8 043,12215
136,47,2005,146566,4.7,3386.0,8.4,32.8,58.8,20.7,20.0,59.2,11.9,49.3,81.7,80,99,,21190,21204,-14,- 1 891
137,47,2010,287018,4.0,6251.0,7.1,35.0,57.9,18.3,19.6,62.1,10.9,56.2,82.5,100,100,,39820,40683,-863,- 8 732
138,47,2018,282463,2.0,5806.0,7.1,32.6,60.3,16.0,19.2,64.8,9.1,59.0,82.6,132,115,,38463,45878,- 7 414,- 10 359
139,48,2005,787,2.8,1287.0,37.3,10.9,51.8,55.8,14.3,29.8,4.5,33.3,50.2,84,96,,4,85,-81,-27
140,48,2010,1068,3.8,1549.0,41.4,8.3,50.3,55.9,14.7,29.5,4.4,34.4,49.8,100,106,,14,181,-167,-39
141,48,2018,1150,2.2,1445.0,42.0,11.8,46.2,54.7,15.4,29.9,4.3,36.1,50.3,104,109,,18,167,-149,
142,49,2005,6087,7.6,1637.0,4.6,73.4,22.0,40.0,23.4,36.6,19.8,66.7,70.6,79,100,100,4744,1342,3402,696
143,49,2010,12281,8.7,2800.0,3.7,78.1,18.2,39.1,23.3,37.6,14.6,67.5,71.5,100,122,159,6918,4369,2548,900
144,49,2018,7778,-1.9,1517.0,9.3,51.9,38.8,37.9,25.4,36.7,11.3,67.3,71.9,119,138,,1387,12380,- 10 993,- 4 627
145,50,2005,183,-1.1,9262.0,6.9,9.6,83.5,,,,13.1,63.0,75.5,,100,,5,81,-76,
146,50,2010,255,-3.0,13758.0,4.9,8.5,86.6,,,,6.9,64.2,76.1,100,94,,5,91,-85,
147,50,2018,290,3.7,16698.0,7.9,8.1,84.0,4.3,11.7,84.0,8.2,65.4,76.6,111,91,,21,130,-109,
148,51,2005,19952,3.9,4697.0,9.6,26.9,63.6,15.2,21.6,63.1,6.6,44.7,80.5,63,98,,7151,9173,- 2 023,-860
149,51,2010,37269,5.0,8199.0,7.2,25.4,67.4,15.1,19.6,65.3,8.9,44.1,77.1,100,113,,9045,13920,- 4 875,- 1 214
150,51,2018,57436,4.3,11825.0,5.5,21.5,73.0,11.6,18.6,69.8,8.4,45.6,73.9,123,129,,10642,15907,- 5 265,- 1 717
151,52,2005,45416,4.2,10374.0,5.0,29.0,66.0,17.3,28.6,54.1,12.6,46.2,61.1,86,100,100,8773,18560,- 9 788,- 2 479
152,52,2010,59829,-1.4,13823.0,4.8,26.9,68.2,14.2,27.4,58.3,11.6,46.2,59.8,100,111,99,11811,20067,- 8 256,-894
153,52,2018,51231,3.0,12159.0,4.1,26.4,69.6,7.3,26.8,65.8,9.2,45.4,57.4,107,121,92,15732,24513,- 8 780,2363
154,53,2005,42644,11.2,3779.0,4.4,21.8,73.8,20.2,19.1,60.6,1.9,38.3,67.4,,97,,2319,8084,- 5 766,
155,53,2010,64328,2.4,5676.0,3.7,23.1,73.2,18.6,17.1,64.3,2.5,42.3,68.7,,88,,4945,10913,- 5 968,
156,53,2018,89689,-0.9,7815.0,3.9,22.9,73.2,18.4,16.5,65.0,2.7,41.3,67.3,,103,,22329,4304,18025,
157,54,2005,2345,,18120.0,0.6,16.4,83.0,0.9,15.3,83.8,18.2,54.8,65.4,84,,,,,,
158,54,2010,2951,0.1,19994.0,0.5,16.0,83.5,1.1,17.6,81.3,9.6,53.2,66.5,100,,,,,,
159,54,2018,3121,-1.0,19586.0,0.4,19.8,79.8,,,,13.0,,,110,,,,,,-690
160,55,2005,18694,3.7,25311.0,3.1,20.5,76.4,4.7,24.0,71.2,5.3,53.2,72.7,89,98,100,1546,6382,- 4 836,-971
161,55,2010,25561,1.3,30817.0,2.4,16.7,80.9,3.8,20.4,75.8,6.3,57.6,70.6,100,84,100,1506,8645,- 7 138,- 2 906
162,55,2018,20046,3.0,23631.0,2.1,11.4,86.5,3.5,16.9,79.6,10.5,58.1,67.3,101,79,72,3368,9292,- 5 924,- 1 452
163,56,2005,135990,6.4,13257.0,2.4,37.7,59.8,4.0,39.5,56.5,7.9,50.8,68.9,87,100,100,78209,76527,1681,- 2 810
164,56,2010,207016,2.3,19648.0,1.7,36.8,61.5,3.1,38.0,58.9,7.3,49.2,68.0,100,91,110,132141,125691,6450,- 7 351
165,56,2018,195305,2.6,18406.0,2.5,37.6,59.9,2.8,37.4,59.8,3.5,51.8,68.0,111,100,122,180010,162058,17952,1918
166,57,2005,17085,1.7,932.0,24.3,24.5,51.3,50.6,6.1,43.3,3.5,48.3,76.9,88,100,100,7248,5865,1383,40
167,57,2010,24885,2.0,1220.0,26.0,23.8,50.2,49.5,5.9,44.6,3.1,48.2,72.3,100,107,103,10284,7849,2434,465
168,57,2018,36768,8.8,1552.0,20.8,32.8,46.3,47.4,6.3,46.2,2.6,48.2,66.1,112,127,140,12437,9555,2881,-414
169,58,2005,13031,3.8,548.0,25.0,42.8,32.2,67.6,16.3,16.1,4.5,75.5,87.9,,101,,787,1466,-679,
170,58,2010,13945,-0.5,570.0,20.8,48.2,31.0,66.8,17.4,15.8,4.6,74.9,87.2,,98,,882,1957,- 1 075,
171,58,2018,16789,3.9,665.0,21.7,47.2,31.1,67.0,17.5,15.5,4.7,74.4,86.9,,102,,1033,2920,- 1 887,
172,59,2005,11965,6.1,219.0,22.3,32.9,44.9,81.4,13.0,5.7,3.7,71.2,73.4,59,100,,2190,2268,-78,-389
173,59,2010,21566,7.1,334.0,22.4,40.5,37.0,79.6,11.7,8.7,3.7,71.2,73.6,100,104,,5300,4500,800,- 2 174
174,59,2018,40337,2.4,512.0,20.6,43.1,36.2,82.0,11.0,7.0,3.7,71.4,73.5,134,109,,4491,5655,- 1 165,- 1 334
175,60,2005,264467,2.3,48779.0,1.3,26.2,72.5,3.2,23.9,72.9,4.8,60.5,71.4,90,101,100,82278,72716,9562,11007
176,60,2010,321995,1.9,57967.0,1.4,22.8,75.8,2.4,19.6,78.0,7.5,59.8,69.1,100,101,86,96217,82724,13492,21051
177,60,2018,306900,2.0,53730.0,0.9,23.5,75.6,2.5,18.6,78.8,5.9,59.1,67.0,109,101,89,101646,92248,9398,25798
178,61,2005,709,3.2,905.0,3.6,16.2,80.2,36.1,24.4,39.6,6.4,46.7,73.8,78,95,,39,277,-238,20
179,61,2010,1067,3.5,1254.0,3.6,19.0,77.4,33.2,27.4,39.4,6.2,47.6,71.1,100,116,,470,603,-133,50
180,61,2018,1892,6.3,2007.0,3.3,21.8,74.9,29.0,29.8,41.1,5.8,49.5,68.6,116,133,,137,1094,-956,-170
181,62,2005,370,-0.3,5245.0,13.2,15.0,71.9,21.0,20.0,58.8,11.0,45.0,70.2,86,99,,42,165,-124,-76
182,62,2010,494,1.2,6912.0,13.8,14.4,71.8,,,,,,,100,108,,34,225,-190,-80
183,62,2018,581,2.6,7907.0,18.0,13.6,68.4,,,,,,,103,113,,21,231,-210,5
184,63,2005,35510,9.3,3844.0,7.7,32.5,59.8,15.3,23.4,61.3,6.5,48.8,81.3,73,98,100,6183,6804,-621,-473
185,63,2010,53132,8.3,5368.0,6.4,30.0,63.6,14.4,18.2,67.4,5.0,49.3,78.7,100,123,114,4767,15138,- 10 371,- 4 024
186,63,2018,71584,6.6,6722.0,6.1,28.5,65.5,11.9,17.6,70.6,5.5,54.4,79.3,129,145,129,8856,19524,- 10 669,-165
187,64,2005,41507,5.3,3022.0,10.0,33.4,56.6,29.1,18.5,52.4,7.7,55.3,83.2,80,98,,9869,9609,261,474
188,64,2010,69555,3.5,4657.0,10.2,36.3,53.5,27.9,18.5,53.6,4.1,49.9,80.5,100,123,,17490,20591,- 3 101,- 1 583
189,64,2018,98010,-2.2,5982.0,9.6,37.3,53.1,26.8,18.6,54.6,5.1,55.0,81.2,124,115,,19122,19845,-722,-255
190,65,2005,94456,4.5,1230.0,14.4,36.9,48.8,30.9,21.5,47.6,11.2,20.2,73.0,58,99,,10646,19812,- 9 166,2103
191,65,2010,214630,5.1,2552.0,14.0,37.5,48.5,29.1,24.0,46.9,11.8,22.8,75.8,100,109,,26332,53003,- 26 672,- 4 504
192,65,2018,270144,4.3,2823.0,11.9,32.9,55.2,24.5,25.6,49.9,11.8,22.3,73.8,231,124,,25943,66339,- 40 396,- 9 336
193,66,2005,17094,3.6,2835.0,10.2,28.7,61.1,20.0,22.2,57.8,7.2,45.5,79.0,84,99,100,3436,6809,- 3 373,-622
194,66,2010,21418,1.4,3474.0,12.1,25.9,62.1,20.8,21.4,57.9,4.9,46.4,79.1,100,107,106,4499,8416,- 3 917,-533
195,66,2018,26797,2.4,4224.0,10.6,25.5,63.9,18.6,21.1,60.3,4.6,47.3,79.1,110,111,116,5760,10593,- 4 833,-501
196,67,2005,8520,8.9,11250.0,1.5,81.3,17.2,57.2,6.8,36.1,5.7,53.8,61.5,77,101,,7062,1309,5753,
197,67,2010,16299,-8.9,17136.0,1.1,74.3,24.6,54.9,8.0,37.1,5.6,55.4,61.5,100,109,,9964,5679,4285,
198,67,2018,10678,-8.9,8742.0,2.5,50.0,47.5,60.4,6.4,33.2,7.6,55.7,61.7,121,115,,6196,4887,1309,
199,68,2005,1098,1.5,277.0,24.2,21.9,53.9,83.7,7.6,8.6,7.0,73.8,84.9,,108,,11,503,-493,
200,68,2010,2117,2.2,482.0,19.1,23.1,57.8,84.3,7.3,8.4,6.8,74.7,86.6,,102,,13,1187,- 1 175,
201,68,2018,5414,3.7,1093.0,17.3,23.5,59.1,83.8,7.0,9.1,6.3,75.4,87.3,,104,,16,3949,- 3 932,
202,69,2005,14003,9.6,10330.0,3.5,29.8,66.7,5.2,34.1,60.7,8.0,53.5,64.7,79,103,100,8247,11018,- 2 770,- 1 386
203,69,2010,19503,2.3,14640.0,3.2,28.0,68.8,4.2,30.3,65.5,16.7,55.0,67.1,100,110,104,12811,13197,-385,344
204,69,2018,23338,2.1,17782.0,2.6,26.9,70.5,3.8,29.7,66.5,6.7,56.2,69.9,115,128,134,15353,17320,- 1 967,825
205,70,2005,3176,1.8,2872.0,11.3,40.8,47.9,69.1,14.5,16.4,22.1,38.8,68.0,69,103,,1278,1656,-378,-103
206,70,2010,4436,3.8,3688.0,10.4,38.7,50.9,68.3,13.7,18.0,27.8,40.3,66.3,100,106,132,1557,1710,-153,-388
207,70,2018,4007,0.0,2983.0,10.0,36.9,53.1,69.4,12.2,18.4,26.4,42.9,67.4,155,113,153,1588,483,1106,640
208,71,2005,12164,11.8,159.0,45.2,13.1,41.7,80.2,6.6,13.1,5.4,78.4,90.8,45,102,100,926,4095,- 3 169,- 1 568
209,71,2010,26311,12.6,300.0,45.3,10.4,44.3,77.2,6.3,16.6,5.2,77.5,90.0,100,138,159,2330,8602,- 6 272,-425
210,71,2018,70315,7.6,687.0,36.8,21.0,42.2,67.3,9.6,23.1,5.3,77.4,87.9,249,164,242,1385,16252,- 14 867,- 8 269
211,72,2005,,,,,,,,,,,,,,103,,11,8,2,
212,72,2010,,,,,,,,,,,,,,96,,9,50,-41,
213,72,2018,,,,,,,,,,1.2,77.2,86.0,,96,,3,13,-10,
214,73,2005,,,,,,,11.1,22.2,66.7,3.2,,,,100,,602,747,-145,31
215,73,2010,,,,,,,,,,6.4,77.5,85.3,,100,,839,780,59,144
216,73,2018,,,,,,,,,,4.0,79.4,86.0,,101,,1405,1066,338,
217,74,2005,2980,0.7,3627.0,12.8,17.9,69.2,44.2,13.4,42.4,4.6,38.1,73.8,81,99,100,702,1607,-906,-206
218,74,2010,3140,3.0,3652.0,10.2,19.9,69.9,42.9,13.7,43.4,8.9,39.0,73.9,100,81,101,841,1808,-967,-149
219,74,2018,4671,0.4,5197.0,13.6,17.5,68.9,38.6,13.2,48.1,6.2,40.7,75.2,125,84,104,956,2420,- 1 464,-315
220,75,2005,204431,2.8,38873.0,2.6,33.5,63.8,4.8,25.8,69.4,8.4,56.6,64.8,91,102,100,65238,58473,6766,7788
221,75,2010,247800,3.0,46181.0,2.7,30.0,67.3,4.4,23.3,72.3,8.4,56.0,63.9,100,94,100,70117,68767,1349,2792
222,75,2018,238503,1.9,43339.0,2.7,27.1,70.2,3.8,22.1,74.1,8.6,54.7,61.7,110,97,94,67281,70100,- 2 820,1917
223,76,2005,2 203 624,1.6,34843.0,1.9,21.5,76.6,3.6,23.8,72.6,8.5,50.1,62.6,93,100,100,434354,475857,- 41 503,-137
224,76,2010,2 646 837,2.0,40629.0,1.8,19.6,78.6,2.9,22.2,74.8,8.9,50.9,62.0,100,99,90,511651,599172,- 87 520,- 22 034
225,76,2018,2 465 454,1.2,36826.0,1.6,19.6,78.8,2.8,20.3,76.9,9.7,50.5,59.8,107,96,87,526267,617386,- 91 119,- 18 514
226,77,2005,,,,,,,,,,24.8,36.3,48.2,,98,,,,,
227,77,2010,,,,,,,,14.1,51.5,21.0,43.2,54.9,,103,,,,,
228,77,2018,,,,,,,,14.9,58.3,21.3,48.4,58.8,126,127,,,,,
229,78,2005,5703,1.4,22374.0,3.4,12.7,83.9,9.2,17.5,73.3,11.8,47.2,65.7,,104,,210,1702,- 1 491,9
230,78,2010,6081,-2.5,22704.0,2.5,12.3,85.2,9.2,18.2,72.6,18.0,48.2,63.8,,99,,153,1726,- 1 573,-18
231,78,2018,5418,1.8,19335.0,3.1,11.8,85.1,8.6,17.4,74.0,20.5,47.7,61.2,122,102,,153,1638,- 1 485,412
232,79,2005,9579,1.1,6827.0,5.2,62.6,32.2,43.3,12.2,44.5,16.9,37.8,57.3,89,100,100,5068,1451,3617,1983
233,79,2010,12882,6.8,7854.0,4.6,55.6,39.8,43.1,12.6,44.3,20.4,39.9,58.1,100,112,117,8539,2969,5570,2453
234,79,2018,13863,3.2,7002.0,4.1,50.8,45.2,41.8,12.6,45.5,19.5,43.2,59.5,111,123,126,1584,2805,- 1 220,
235,80,2005,624,-0.9,432.0,28.6,14.9,56.5,34.2,16.2,49.6,9.4,48.5,68.8,81,94,,7,260,-252,-43
236,80,2010,952,6.5,563.0,30.7,13.1,56.2,32.8,14.7,52.5,9.4,50.3,68.7,100,133,,68,284,-215,17
237,80,2018,986,2.2,484.0,20.6,13.8,65.6,26.8,15.4,57.8,9.5,51.4,67.7,140,106,,120,386,-265,-96
238,81,2005,6411,9.6,1429.0,16.5,26.5,57.0,54.3,9.3,36.4,13.8,55.2,72.9,70,121,100,865,2490,- 1 624,-696
239,81,2010,11638,6.2,2750.0,8.3,22.0,69.8,48.2,10.4,41.5,16.3,56.0,75.1,100,68,137,1677,5236,- 3 558,- 1 199
240,81,2018,14333,2.7,3651.0,9.1,24.9,66.0,39.8,12.7,47.5,11.5,58.0,78.9,124,74,185,2728,7982,- 5 254,- 1 311
241,82,2005,2 861 339,0.7,35035.0,0.9,34.8,64.3,2.4,29.8,67.8,11.2,50.7,66.7,92,100,100,977132,779819,197313,131661
242,82,2010,3 417 095,4.1,42241.0,0.9,35.8,63.4,1.6,28.3,70.0,7.0,52.8,66.5,100,103,104,1 271 096,1 066 817,204280,193034
243,82,2018,3 477 796,1.9,42456.0,0.7,35.9,63.4,1.3,27.0,71.7,3.6,55.1,66.1,109,107,112,1 450 215,1 173 628,276587,297118
244,83,2005,17199,6.2,798.0,31.8,20.3,47.9,49.0,15.8,35.2,4.7,73.1,77.7,53,100,,3060,4878,- 1 819,- 1 105
245,83,2010,32174,7.9,1313.0,29.8,19.1,51.1,42.0,15.2,42.8,5.3,73.8,78.7,100,127,,5233,8057,- 2 824,- 2 747
246,83,2018,42794,3.5,1517.0,18.9,24.2,56.9,39.7,14.4,46.0,2.4,74.9,79.4,232,153,,7982,10124,- 2 141,- 2 003
247,84,2005,,,,,,,,,,,57.5,78.8,,,,195,501,-306,
248,84,2010,,,,,,,,,,,,,,,,259,627,-368,
249,84,2018,,,,,,,,,,,,,142,,,362,743,-382,
250,85,2005,247777,0.6,21925.0,4.8,19.8,75.4,12.2,22.4,65.4,10.0,42.7,64.9,85,104,100,17434,54894,- 37 459,- 18 233
251,85,2010,299362,-5.5,26154.0,3.3,15.7,81.1,12.4,19.6,68.0,12.7,44.8,64.5,100,94,84,27586,66453,- 38 867,- 30 275
252,85,2018,192691,-0.2,17230.0,4.0,16.3,79.7,11.9,15.3,72.8,19.5,45.3,60.2,101,93,74,32155,55301,- 23 146,- 1 331
253,86,2005,1656,2.7,29081.0,10.6,15.2,74.2,,,,9.3,,,,99,,402,700,-297,
254,86,2010,2307,2.7,40724.0,8.3,17.5,74.3,,,,8.4,,,,98,,391,854,-463,
255,86,2018,2283,0.2,40469.0,12.8,15.2,72.0,4.6,12.6,82.5,9.7,,,,98,,549,743,-194,
256,87,2005,695,13.3,6755.0,3.4,26.1,70.5,,,,10.2,,,83,78,,28,334,-306,-193
257,87,2010,771,-0.5,7366.0,5.2,16.8,78.1,,,,,,,100,96,,25,306,-281,-204
258,87,2018,1016,1.9,9469.0,7.3,15.1,77.6,,,,,,,107,128,,23,419,-396,-34
259,88,2005,,,,,,,,,,25.9,37.7,46.8,,103,,,,,
260,88,2010,,,,,,,,13.8,64.4,23.8,39.5,44.2,100,89,,,,,
261,88,2018,,,,,,,3.3,13.5,65.5,26.1,49.6,56.5,106,92,,,,,
262,89,2005,,,,,,,10.1,15.4,74.5,7.0,56.1,79.9,,99,,,,,
263,89,2010,,,,,,,9.6,16.6,73.9,8.2,54.8,78.6,100,95,,,,,
264,89,2018,,,,,,,8.8,16.1,75.2,5.9,52.8,76.6,115,78,,,,,
265,90,2005,27211,3.3,2078.0,13.1,28.6,58.3,36.0,20.9,43.1,2.5,44.4,87.3,75,100,,5381,10500,- 5 119,- 1 241
266,90,2010,41338,2.9,2825.0,11.4,28.0,60.6,37.0,19.8,43.2,3.7,41.7,85.6,100,124,,8460,13830,- 5 370,-563
267,90,2018,68763,3.1,4147.0,10.7,26.7,62.6,29.0,21.1,49.9,2.7,40.6,85.0,133,158,,11108,18190,- 7 082,1134
268,91,2005,4063,3.0,420.0,14.9,34.9,50.3,70.1,5.8,24.0,4.6,62.8,67.4,42,100,,796,1648,-852,-160
269,91,2010,6853,4.2,635.0,18.6,34.3,47.1,70.2,6.0,23.8,4.5,62.8,66.6,100,120,,1471,1405,66,-327
270,91,2018,8476,6.6,684.0,20.2,36.9,42.9,68.0,6.0,26.1,4.5,63.0,65.4,219,135,,1942,2065,-123,- 2 745
271,92,2005,587,4.3,425.0,45.4,14.7,39.9,84.6,6.9,8.4,6.5,64.4,79.2,84,100,,23,112,-88,-10
272,92,2010,849,4.6,546.0,46.2,13.5,40.3,84.5,6.6,9.0,6.3,64.7,78.1,100,128,,120,197,-77,-71
273,92,2018,1123,5.1,618.0,44.2,14.7,41.1,83.3,6.9,9.7,6.1,65.7,78.1,112,143,,1430,204,1226,10
274,93,2005,1315,-2.0,1752.0,25.7,28.7,45.6,23.5,23.9,52.6,11.8,34.1,78.0,74,94,,539,778,-239,-96
275,93,2010,2259,4.1,3026.0,17.6,34.5,47.9,17.0,25.0,58.0,10.9,37.0,76.0,100,108,,901,1452,-551,-246
276,93,2018,3437,3.4,4444.0,14.6,40.3,45.1,13.2,26.4,60.5,11.7,40.8,74.5,110,130,,1790,1762,28,128
277,94,2005,4154,1.8,448.0,22.4,32.9,44.8,49.8,10.4,39.9,15.0,59.2,70.1,67,102,,470,1449,-979,7
278,94,2010,6708,-5.5,671.0,21.0,33.7,45.4,47.2,10.2,42.5,15.9,60.6,71.4,100,132,,579,3147,- 2 568,-102
279,94,2018,7647,1.4,705.0,16.7,38.0,45.3,40.6,12.6,46.8,13.9,64.1,72.8,181,155,,941,3470,- 2 530,-72
280,96,2005,9757,6.1,1323.0,13.1,27.6,59.3,39.3,20.9,39.8,4.0,36.5,83.4,72,103,100,1294,4419,- 3 125,-304
281,96,2010,15839,3.7,1933.0,11.9,26.2,62.0,37.8,18.6,43.6,4.1,44.5,84.8,100,111,113,3104,6895,- 3 791,-682
282,96,2018,21517,3.6,2361.0,12.7,26.6,60.7,28.3,21.4,50.4,4.3,50.9,85.6,138,124,130,4970,8612,- 3 642,-380
283,97,2005,113035,4.4,11207.0,4.3,31.3,64.5,4.9,32.5,62.7,7.2,42.9,58.4,77,97,100,62272,65920,- 3 648,- 7 883
284,97,2010,130923,0.7,13187.0,3.5,29.9,66.6,4.5,30.7,64.8,11.2,43.8,58.2,100,80,108,94749,87432,7317,346
285,97,2018,125817,2.2,12900.0,4.4,30.5,65.1,4.8,29.9,65.4,4.0,47.9,63.9,114,88,122,113382,104284,9098,3743
286,98,2005,16691,6.7,56585.0,5.7,24.7,69.6,6.5,21.7,71.8,2.6,70.9,80.7,67,99,,3091,4979,- 1 888,- 2 653
287,98,2010,13311,-3.6,41553.0,7.4,24.7,68.0,5.6,18.4,76.0,7.6,70.6,79.1,100,110,,4603,3914,689,-881
288,98,2018,20270,7.2,60966.0,5.7,22.4,72.0,3.1,15.5,81.4,2.8,72.5,81.2,122,126,,4850,6945,- 2 094,879
289,99,2005,812059,9.3,710.0,19.5,33.6,46.9,56.0,18.8,25.2,4.4,36.8,83.1,66,100,100,100353,140862,- 40 509,- 10 284
290,99,2010,1 650 635,10.3,1341.0,18.9,32.5,48.7,51.5,21.8,26.7,3.5,28.6,80.5,100,124,152,220408,350029,- 129 621,- 54 516
291,99,2018,2 259 642,7.1,1706.0,17.4,28.8,53.8,41.6,23.9,34.5,3.5,27.0,78.8,160,145,163,216913,337414,- 120 501,- 39 073
292,100,2005,304372,5.7,1343.0,12.1,43.1,44.8,44.0,18.8,37.2,7.7,49.9,85.2,69,98,,85660,57701,27959,278
293,100,2010,755094,6.2,3113.0,14.3,43.9,41.8,39.2,18.7,42.2,5.6,51.9,83.9,100,123,,157779,135663,22116,5144
294,100,2018,932259,5.0,3570.0,14.0,40.8,45.3,30.2,21.6,48.2,4.4,50.7,81.6,142,143,,168810,157388,11422,- 17 293
295,101,2005,226452,3.2,3216.0,6.2,47.7,46.1,24.8,30.4,44.9,12.1,19.4,74.3,,103,,60012,38869,21143,
296,101,2010,491099,5.8,6586.0,6.4,43.4,50.2,19.2,32.2,48.6,13.5,15.9,70.0,,102,,83785,54697,29088,
297,101,2018,425403,13.4,5299.0,9.8,34.3,55.9,16.6,32.4,51.0,11.9,16.6,71.1,106,110,,33103,29519,3585,
298,102,2005,36268,4.4,1343.0,6.9,63.3,29.9,23.0,18.3,58.7,18.0,14.5,70.9,59,102,,19773,12861,6912,- 3 335
299,102,2010,117138,5.5,3808.0,5.1,55.4,39.4,23.1,18.7,58.3,11.2,18.0,75.8,100,103,,52483,31764,20718,6488
300,102,2018,160021,11.0,4301.0,4.1,39.8,56.1,19.2,19.5,61.3,8.5,19.0,74.3,119,75,,24266,40362,- 16 096,3843
301,103,2005,211645,6.0,50237.0,1.2,34.4,64.5,6.0,27.7,66.3,4.3,52.4,72.8,93,98,100,110003,70284,39719,- 7 150
302,103,2010,221951,1.8,47969.0,1.1,26.1,72.9,4.6,19.6,75.9,13.8,53.3,69.2,100,101,109,120645,64601,56045,2319
303,103,2018,304819,5.1,64497.0,1.0,39.3,59.7,5.3,19.0,75.8,6.0,52.7,66.7,105,110,128,138072,88828,49244,42719
304,104,2005,,,,,,,1.4,16.1,82.5,1.6,55.7,71.4,,,,,,,
305,104,2010,,,,,,,1.9,14.8,83.3,2.4,56.3,69.9,,,,,,,
306,104,2018,,,,,,,,,,2.6,57.5,69.3,161,,,,,,
307,105,2005,142463,4.1,21576.0,1.8,23.0,75.2,2.0,21.6,76.4,11.3,55.0,68.8,88,100,,42771,45032,- 2 262,4540
308,105,2010,233611,5.5,31459.0,1.7,22.9,75.4,1.6,20.2,78.2,8.5,57.0,69.4,100,104,126,58413,59194,-781,8372
309,105,2018,317748,4.0,38788.0,1.3,20.8,77.9,1.1,17.2,81.8,4.3,59.3,69.0,106,109,136,53791,69693,- 15 901,10392
310,106,2005,1 852 616,0.9,31503.0,2.2,25.8,71.9,4.2,30.7,65.1,7.7,37.9,61.0,91,100,100,372957,384836,- 11 878,- 17 023
311,106,2010,2 125 058,1.7,35578.0,2.0,24.4,73.7,3.8,28.6,67.6,8.4,37.8,58.9,100,97,89,446840,486984,- 40 145,- 73 018
312,106,2018,1 858 913,0.9,31279.0,2.1,23.9,74.0,3.9,26.1,70.0,11.0,39.4,58.0,109,92,80,503054,451416,51638,54333
313,107,2005,11244,0.9,4097.0,5.7,23.9,70.4,18.1,17.8,64.1,10.9,55.6,76.8,56,97,,1514,4885,- 3 370,- 1 071
314,107,2010,13219,-1.5,4692.0,5.9,20.0,74.1,20.2,15.9,63.8,12.4,56.1,77.1,100,98,,1328,5225,- 3 898,-934
315,107,2018,14057,1.4,4879.0,7.6,21.9,70.5,18.4,15.4,66.2,12.3,57.6,77.6,151,105,,1310,5818,- 4 508,-103
316,108,2005,4 755 410,1.7,37054.0,1.1,30.1,68.8,4.5,27.8,67.7,4.4,48.4,73.5,100,101,,594941,515866,79074,170123
317,108,2010,5 700 098,4.2,44341.0,1.1,28.5,70.4,4.1,25.7,70.2,5.1,48.7,72.1,100,97,,769774,694059,75715,220888
318,108,2018,4 936 212,1.0,38640.0,1.1,28.0,71.0,3.4,25.3,71.3,2.6,50.4,70.2,104,92,,698097,671474,26623,195801
319,109,2005,12589,8.1,2203.0,3.0,26.9,70.1,3.9,26.6,69.5,14.8,12.2,67.6,75,101,100,4284,10455,- 6 170,- 2 271
320,109,2010,26425,2.3,3679.0,3.2,28.7,68.1,3.7,26.4,69.9,12.5,15.3,67.3,100,127,105,7023,15262,- 8 239,- 1 882
321,109,2018,38655,2.0,4088.0,4.1,27.4,68.6,3.7,26.8,69.5,14.7,14.0,63.5,119,145,109,7469,20407,- 12 938,- 4 251
322,110,2005,57124,9.7,3676.0,6.6,39.2,54.2,32.4,18.0,49.6,8.1,64.4,75.2,61,100,100,27846,17333,10513,- 1 036
323,110,2010,148047,7.3,9028.0,4.7,41.9,53.4,28.3,18.7,53.0,5.8,65.4,75.8,100,106,115,57244,24024,33220,1386
324,110,2018,135005,1.0,7505.0,4.9,33.6,61.4,17.7,20.8,61.5,5.1,65.2,77.2,169,139,,48342,29346,18996,- 5 353
325,111,2005,21506,5.9,597.0,23.2,22.3,54.5,41.4,14.6,44.0,10.5,60.1,69.7,56,103,,3420,5846,- 2 426,-252
326,111,2010,40000,8.4,967.0,27.1,20.3,52.6,39.1,15.3,45.6,12.1,61.5,70.5,100,123,,5169,12093,- 6 924,- 2 369
327,111,2018,70526,5.8,1455.0,34.5,18.5,47.0,37.2,14.3,48.5,11.4,62.4,68.5,172,126,,5805,16652,- 10 847,- 4 755
328,112,2005,112,5.0,1215.0,21.8,9.3,68.9,7.1,8.4,81.1,14.7,20.4,32.8,,95,,4,74,-70,
329,112,2010,153,-1.6,1493.0,24.6,10.3,65.1,22.1,16.1,61.8,30.6,52.3,66.8,100,60,,4,73,-69,0
330,112,2018,174,4.2,1518.0,23.5,14.2,62.4,,,,,,,100,61,,11,183,-172,36
331,113,2005,80798,10.6,35490.0,0.3,60.2,39.5,2.7,20.7,76.6,2.0,46.3,82.3,76,97,100,44869,15801,29068,30071
332,113,2010,115416,-2.4,38497.0,0.4,58.2,41.4,3.1,25.7,71.2,1.8,48.2,84.6,100,131,89,62698,22691,40007,36989
333,113,2018,110346,2.5,27229.0,0.4,58.8,40.8,3.6,26.6,69.8,2.1,46.9,83.7,125,191,114,54807,33590,21217,7591
334,114,2005,2460,-0.2,485.0,31.3,22.1,46.6,38.5,17.6,43.9,8.1,54.1,76.1,60,98,100,672,1108,-436,-37
335,114,2010,4794,-0.5,884.0,18.8,28.2,53.0,29.9,22.8,47.3,8.6,52.2,76.6,100,105,69,1488,3223,- 1 734,-475
336,114,2018,6551,3.8,1100.0,14.4,28.3,57.3,26.1,22.4,51.5,7.4,48.0,75.9,152,117,78,1784,4474,- 2 690,-347
337,115,2005,2946,6.8,512.0,29.1,26.2,44.7,78.5,5.3,16.2,1.4,77.9,79.8,79,100,,552,874,-322,-174
338,115,2010,7313,8.1,1171.0,23.6,30.9,45.5,71.5,8.3,20.2,0.7,76.8,79.3,100,132,,1909,1837,72,29
339,115,2018,15806,7.0,2339.0,19.5,32.5,48.0,59.9,9.8,30.4,0.7,77.0,79.8,129,219,,2759,4804,- 2 045,- 1 234
340,116,2005,16922,10.7,7514.0,4.3,22.9,72.8,12.0,26.5,61.5,10.0,50.4,65.6,72,105,100,5303,8770,- 3 468,- 1 988
341,116,2010,23765,-3.9,11216.0,4.4,23.4,72.2,8.6,23.1,68.3,19.5,53.8,65.3,100,108,98,8851,11143,- 2 292,494
342,116,2018,27573,2.1,13993.0,4.0,21.5,74.5,7.3,23.8,68.8,9.4,55.0,67.0,111,139,111,12895,15886,- 2 991,-246
343,117,2005,21490,2.7,5390.0,4.0,16.7,79.3,3.4,18.8,77.8,8.1,20.4,70.7,,97,,1879,9327,- 7 448,- 2 748
344,117,2010,38420,8.0,8858.0,4.3,15.7,80.1,2.5,19.2,78.3,6.3,22.3,67.8,100,93,,4254,17970,- 13 716,- 7 552
345,117,2018,50458,1.0,8400.0,2.9,11.2,85.9,3.2,20.2,76.6,6.3,23.3,71.1,119,89,,2843,19579,- 16 736,- 10 555
346,118,2005,1559,2.7,800.0,6.2,37.7,56.1,25.8,27.3,46.9,37.2,64.1,77.4,71,105,,650,1410,-760,166
347,118,2010,2394,6.5,1173.0,5.6,32.8,61.7,12.9,39.3,47.8,25.9,60.7,75.4,100,107,,503,1277,-773,-158
348,118,2018,2241,2.9,1017.0,5.8,32.3,61.8,10.2,40.4,49.4,28.5,59.3,74.6,143,96,,571,1608,- 1 036,-166
349,119,2005,706,5.3,217.0,68.8,9.8,21.5,53.0,9.3,37.7,5.6,53.0,59.2,62,102,,130,309,-179,-184
350,119,2010,1292,7.3,327.0,70.7,11.4,18.0,47.3,10.8,41.9,2.3,53.6,59.3,100,104,,222,710,-488,-415
351,119,2018,2757,-0.5,598.0,72.9,8.7,18.4,42.3,12.0,45.7,2.4,53.9,57.3,181,113,,697,464,233,-860
352,120,2005,45451,10.3,7846.0,2.2,75.7,22.2,8.7,28.3,63.1,20.0,27.4,75.5,80,101,,31272,6058,25215,14945
353,120,2010,80942,4.3,13121.0,2.5,74.0,23.5,7.3,31.6,61.0,18.6,29.3,77.3,100,112,,36440,17674,18766,16801
354,120,2018,42960,2.0,6826.0,0.9,67.1,32.0,11.2,25.4,63.4,15.7,25.8,79.1,126,117,,2273,5743,- 3 470,- 4 705
355,121,2005,4046,4.8,116095.0,5.2,38.6,56.1,,,,,52.8,73.7,,100,,,,,
356,121,2010,5621,7.4,156127.0,5.2,39.0,55.9,,,,2.6,52.6,70.9,,101,,,,,
357,121,2018,6194,1.2,164437.0,4.8,40.2,55.0,,,,2.6,53.5,70.6,,97,,,,,
358,122,2005,26141,7.7,7817.0,4.8,32.7,62.5,14.3,29.1,56.7,8.3,50.6,62.9,78,106,100,12070,15704,- 3 634,- 1 888
359,122,2010,37130,1.6,11886.0,3.3,29.1,67.6,8.8,24.6,66.6,17.8,52.5,62.3,100,100,103,20814,23378,- 2 564,-488
360,122,2018,42773,2.3,14707.0,3.3,28.7,68.0,7.6,24.7,67.7,7.4,55.9,66.1,113,131,117,29910,32530,- 2 620,418
361,123,2005,37346,3.2,81571.0,0.4,16.5,83.1,1.7,17.3,81.0,4.5,45.4,64.7,90,99,100,12715,17586,- 4 871,4107
362,123,2010,53212,4.9,104772.0,0.3,12.7,87.0,1.1,13.4,85.6,4.4,48.8,65.4,100,94,89,13911,20400,- 6 489,3585
363,123,2018,58631,3.1,101835.0,0.3,12.9,86.8,1.0,11.7,87.3,5.6,52.3,63.3,111,103,86,13959,21071,- 7 112,3325
364,124,2005,5936,4.6,324.0,32.4,14.1,53.5,82.0,3.4,14.6,2.3,84.2,89.1,63,103,100,836,1686,-850,-772
365,124,2010,10401,0.6,492.0,28.4,18.8,52.8,74.0,5.5,20.5,3.8,87.1,91.0,100,123,124,1082,2546,- 1 464,-964
366,124,2018,11222,4.2,451.0,34.6,7.9,57.5,74.2,9.2,16.5,1.8,83.8,89.5,161,118,,2312,2820,-508,-38
367,125,2005,3656,3.3,280.0,37.1,16.8,46.1,85.0,9.1,5.9,7.8,74.2,80.1,64,86,100,495,1165,-670,-507
368,125,2010,6960,6.9,459.0,31.9,16.4,51.7,84.8,8.8,6.5,6.7,73.1,81.8,100,156,,1066,2173,- 1 107,-969
369,125,2018,5318,3.0,294.0,25.1,16.4,58.5,84.6,8.4,6.9,6.1,72.4,82.1,342,146,,941,999,-57,- 1 021
370,126,2005,143534,5.3,5594.0,8.4,46.9,44.7,14.6,29.7,55.6,3.5,44.0,77.5,88,100,100,141624,114290,27334,19980
371,126,2010,255018,7.4,9071.0,10.2,40.9,48.9,14.2,27.7,58.0,3.2,43.5,76.1,100,111,107,198791,164586,34204,25644
372,126,2018,296531,4.3,9508.0,8.9,40.2,50.9,10.7,27.2,62.1,3.4,51.0,77.5,120,123,116,216428,193856,22572,9450
373,127,2005,1163,-13.1,3649.0,8.7,13.2,78.1,14.4,26.1,59.5,3.8,50.4,75.6,73,89,,154,745,-591,-273
374,127,2010,2588,7.3,7100.0,6.1,10.2,83.8,15.0,16.1,68.8,4.6,50.1,78.6,100,76,,74,1095,- 1 021,-196
375,127,2018,4224,6.2,9875.0,6.8,11.2,82.0,7.2,24.7,68.1,5.0,43.3,82.5,136,67,,175,2338,- 2 163,-876
376,128,2005,6245,10.4,488.0,34.4,25.9,39.6,44.8,15.1,40.1,9.5,38.2,69.9,86,102,100,1075,1544,-468,-438
377,128,2010,10679,10.9,708.0,34.9,25.3,39.7,57.4,11.1,31.5,8.1,49.9,80.5,100,126,74,1996,4704,- 2 707,- 1 190
378,128,2018,14002,7.9,778.0,39.8,19.2,41.0,56.8,8.5,34.7,8.0,61.1,82.8,110,171,91,1902,5000,- 3 098,
379,129,2005,6393,3.8,15716.0,2.2,23.0,74.7,2.1,29.8,68.1,6.9,29.6,67.5,89,97,100,2431,3865,- 1 435,-418
380,129,2010,8741,3.5,21005.0,1.7,19.0,79.4,1.3,25.5,73.2,6.8,34.1,66.4,100,98,102,3717,5732,- 2 015,-420
381,129,2018,10999,5.5,25616.0,1.4,13.8,84.9,1.2,19.1,79.6,4.2,42.3,66.4,110,90,97,3193,6827,- 3 634,1721
382,130,2005,138,2.9,2651.0,9.2,9.2,81.6,,,,,,,,97,,11,68,-57,-3
383,130,2010,165,6.4,3143.0,15.6,11.6,72.9,11.0,9.4,79.6,,,,,112,,17,76,-60,-14
384,130,2018,183,2.9,3449.0,17.0,10.7,72.3,,,,4.7,29.0,53.3,,104,,26,60,-35,-16
385,131,2005,,,,,,,,,,18.7,39.6,48.5,,99,,,,,
386,131,2010,,,,,,,4.1,11.9,65.3,21.0,43.3,49.1,100,82,,,,,
387,131,2018,,,,,,,3.9,11.8,69.0,22.8,52.6,53.8,106,79,,,,,
388,132,2005,2184,9.0,698.0,29.8,32.4,37.9,77.9,8.9,13.2,10.4,30.2,71.4,75,100,,556,1342,-786,
389,132,2010,4338,4.8,1202.0,21.3,40.9,37.8,77.3,7.6,15.1,10.2,30.4,69.2,100,109,,1819,1708,111,
390,132,2018,4667,1.7,1085.0,23.4,36.1,40.4,75.5,7.2,17.3,10.2,31.1,67.7,128,120,,1989,3522,- 1 533,-709
391,133,2005,6775,1.8,5544.0,5.7,26.6,67.8,10.0,32.4,57.6,9.6,41.1,76.8,73,98,100,2144,3160,- 1 016,-324
392,133,2010,10004,4.4,8016.0,4.1,25.3,70.7,8.5,28.8,62.7,7.7,42.8,74.1,100,99,112,1850,4402,- 2 553,- 1 006
393,133,2018,12216,3.7,9679.0,3.5,20.9,75.6,7.1,25.7,67.3,7.0,45.1,72.2,125,92,117,2103,5269,- 3 167,-878
394,134,2005,,,,,,,,,,,,,,,,6,309,-303,
395,134,2010,,,,,,,,,,,,,,,,,,,
396,134,2018,,,,,,,,,,,,,,,,,,,
397,135,2005,877477,2.3,8089.0,3.2,34.2,62.6,14.8,25.7,59.5,3.6,41.3,81.5,81,98,100,214207,221819,- 7 612,- 9 053
398,135,2010,1 057 801,5.1,9016.0,3.4,33.7,62.9,13.9,24.1,62.0,5.3,43.2,80.1,100,108,101,298305,301482,- 3 177,- 5 241
399,135,2018,1 076 914,2.9,8444.0,3.6,31.3,65.1,13.0,25.9,61.2,3.6,44.3,78.9,130,126,110,409451,420369,- 10 918,- 19 354
400,136,2005,251,2.1,2360.0,24.2,5.7,70.2,,,,,,,78,100,,13,128,-115,
401,136,2010,297,2.0,2862.0,26.7,7.8,65.5,,,,,,,100,96,,23,168,-145,-25
402,136,2018,330,-0.1,3144.0,27.3,6.9,65.8,,,,,,,113,101,,3,23,-20,
403,137,2005,4203,1.6,124374.0,,12.2,87.8,,,,3.6,35.1,57.3,,,,,,,
404,137,2010,5362,2.2,144561.0,,12.9,87.1,,,,,,,,,,,,,
405,137,2018,6468,3.2,168004.0,,18.3,81.7,,,,,,,,,,,,,
406,138,2005,2926,7.3,1158.0,17.8,37.4,44.8,45.7,11.9,42.5,3.3,53.7,64.9,57,97,100,1064,1183,-118,88
407,138,2010,7189,6.4,2650.0,13.1,37.0,50.0,33.5,16.2,50.2,6.6,53.1,65.1,100,114,155,2883,3172,-289,-885
408,138,2018,11160,1.0,3686.0,13.3,35.3,51.4,29.8,19.2,51.0,6.7,52.7,66.2,172,161,183,6112,4295,1817,- 1 155
409,139,2005,2279,4.2,3697.0,10.3,22.1,67.6,8.6,19.2,72.1,30.3,42.7,59.1,82,,100,,,,
410,139,2010,4138,2.7,6628.0,9.2,20.5,70.3,6.2,19.0,74.8,19.7,42.6,56.6,100,63,79,437,2182,- 1 745,-952
411,139,2018,4374,2.9,6958.0,9.0,19.1,71.8,7.4,18.1,74.6,16.4,42.0,54.7,113,66,64,421,2611,- 2 190,-881
412,140,2005,49,3.1,10229.0,0.9,16.7,82.5,,,,9.5,80.6,89.2,87,100,,1,30,-28,-16
413,140,2010,56,-2.8,11228.0,1.1,13.3,85.7,,,,,,,100,98,,1,29,-28,-19
414,140,2018,62,2.0,12044.0,1.7,12.9,85.4,,,,5.6,,,109,104,,5,29,-24,-9
415,141,2005,62545,3.0,2049.0,13.1,28.9,58.0,45.5,19.5,35.0,11.0,26.7,76.3,90,93,,11185,20803,- 9 618,1041
416,141,2010,93217,4.0,2876.0,14.4,28.6,56.9,40.2,22.0,37.8,9.1,25.6,75.6,100,126,,17765,35379,- 17 614,- 3 925
417,141,2018,103607,3.4,2937.0,13.6,29.5,56.8,37.0,19.5,43.5,9.3,24.9,73.9,109,122,,21249,34293,- 13 044,- 3 850
418,142,2005,7724,8.7,369.0,25.4,20.7,53.8,79.3,3.3,17.4,21.7,87.1,82.9,,96,,1745,2408,-663,-761
419,142,2010,10154,6.7,419.0,28.9,18.6,52.5,77.2,3.4,19.3,22.2,84.4,78.8,100,146,,2243,3564,- 1 321,- 1 679
420,142,2018,10930,3.8,379.0,24.1,21.1,54.8,73.1,4.4,22.5,24.9,82.3,74.6,171,149,,3296,3352,-57,- 2 558
421,143,2005,11931,13.6,246.0,46.7,17.5,35.8,69.5,11.7,18.8,0.9,56.1,83.9,45,99,,3776,1907,1869,582
422,143,2010,41445,10.2,826.0,36.9,26.5,36.7,60.6,15.0,24.4,0.8,53.5,82.3,100,135,,7625,4164,3461,1574
423,143,2018,65698,5.7,1242.0,25.3,34.9,39.8,48.3,16.9,34.8,0.8,51.1,79.6,145,137,,13879,19253,- 5 375,- 3 945
424,144,2005,7121,2.5,3504.0,11.4,27.3,61.3,26.8,15.3,57.9,22.2,52.0,64.4,71,104,100,2726,2525,201,333
425,144,2010,11282,6.0,5192.0,9.2,29.8,61.1,31.7,12.7,55.6,22.1,54.6,63.8,100,90,116,5848,5980,-131,-534
426,144,2018,10947,1.1,4415.0,6.8,30.9,62.3,20.1,19.7,60.2,23.3,59.0,65.6,146,93,127,5573,8101,- 2 529,-296
427,145,2005,26,-12.1,2600.0,7.8,-6.5,98.7,,,,22.7,69.6,86.8,,100,,,,,
428,145,2010,62,20.1,6234.0,4.3,48.0,47.7,,,,,,,,106,,,,,
429,145,2018,103,10.4,9119.0,3.2,58.5,38.3,,,,23.0,49.3,78.9,,114,,,,,
430,146,2005,8259,3.1,322.0,35.2,17.1,47.7,76.0,4.7,19.3,1.5,79.9,88.7,,100,,863,2282,- 1 419,153
431,146,2010,16281,4.8,602.0,35.4,15.1,49.5,74.8,7.5,17.7,2.1,79.6,87.1,,114,,874,5116,- 4 242,-128
432,146,2018,20914,0.4,722.0,31.6,14.2,54.2,71.3,8.2,20.5,2.7,82.7,85.8,117,140,,741,10038,- 9 297,-815
433,147,2005,678517,2.2,41456.0,2.0,24.0,74.0,3.3,20.5,76.1,4.7,56.6,72.3,93,100,100,349813,310591,39222,41600
434,147,2010,836390,1.4,50135.0,1.9,22.1,76.0,3.1,17.6,79.3,4.4,58.2,71.3,100,112,107,492646,439987,52659,61820
435,147,2018,777228,2.2,45753.0,1.8,20.0,78.2,2.2,16.4,81.5,4.3,57.9,68.9,111,118,103,494558,441338,53220,84830
436,148,2005,6236,3.6,26801.0,1.7,26.6,71.7,4.6,31.8,63.7,15.8,60.5,70.6,,100,,1114,1774,-660,-112
437,148,2010,9355,6.9,37266.0,1.4,25.5,73.1,4.0,33.1,63.0,14.2,58.1,68.2,100,98,,1268,3303,- 2 036,- 1 360
438,148,2018,9446,3.0,34641.0,1.4,26.2,72.4,3.4,31.7,65.0,14.8,57.3,67.9,107,105,,1460,2515,- 1 055,-654
439,149,2005,114722,3.3,27742.0,4.9,25.8,69.3,7.2,22.2,70.6,3.8,60.1,74.7,87,99,100,21729,26232,- 4 504,- 8 025
440,149,2010,146584,1.0,33543.0,7.1,23.0,69.9,6.9,21.0,72.2,6.1,61.0,73.8,100,104,96,30932,30158,774,- 3 429
441,149,2018,187517,3.0,40233.0,6.0,23.0,71.1,6.5,20.1,73.4,5.0,63.8,74.7,111,117,97,38050,40128,- 2 078,- 5 540
442,150,2005,6300,4.3,1171.0,17.8,22.9,59.3,28.9,19.7,51.4,5.6,44.1,82.1,63,104,,866,2536,- 1 670,-784
443,150,2010,8759,4.4,1526.0,18.7,24.2,57.0,32.2,16.5,51.3,7.8,47.1,82.9,100,118,,1848,4191,- 2 343,-780
444,150,2018,13230,4.7,2151.0,17.3,26.8,55.9,28.8,17.7,53.5,4.4,50.6,83.9,147,132,,4926,7704,- 2 778,-694
445,151,2005,3369,7.4,247.0,45.5,11.8,42.7,77.6,6.9,15.5,3.1,67.8,90.9,89,102,,486,736,-250,-312
446,151,2010,5719,8.4,348.0,43.8,16.7,39.4,77.8,7.2,15.1,0.9,67.7,91.1,100,146,,479,2273,- 1 794,- 1 136
447,151,2018,7528,5.0,364.0,41.1,18.0,40.8,75.3,7.6,17.1,0.4,67.5,90.6,109,173,,639,1617,-978,- 1 181
448,152,2005,180502,6.5,1299.0,25.6,23.7,50.7,51.2,8.5,40.4,4.3,47.8,61.7,62,100,,55144,21314,33831,36529
449,152,2010,369062,7.8,2327.0,23.9,25.3,50.8,30.6,14.2,55.3,3.9,49.2,60.7,100,105,,86568,44235,42333,13111
450,152,2018,404649,-1.6,2176.0,21.2,18.4,60.4,36.4,11.7,51.9,7.0,50.5,59.7,214,119,,44466,31270,13196,10381
451,153,2005,,,,,,,4.8,9.3,85.9,9.7,74.8,76.7,,100,,,,,
452,153,2010,,,,,,,,,,,,,,97,,,,,
453,153,2018,,,,,,,,,,,,,,101,,,,,
454,154,2005,,,,,,,1.5,47.2,45.8,6.5,81.3,82.5,,,,1254,1952,-699,
455,154,2010,,,,,,,,,,11.2,66.6,77.6,,,,1453,2867,- 1 414,
456,154,2018,,,,,,,,,,,,,,,,1787,4916,- 3 129,
457,155,2005,308722,2.6,66645.0,1.6,42.5,55.9,3.3,20.8,75.8,4.4,60.7,70.3,89,99,100,103759,55488,48271,49967
458,155,2010,429131,0.7,87831.0,1.8,39.1,59.2,2.6,19.7,77.8,3.5,61.8,69.7,100,102,88,130657,77330,53327,50258
459,155,2018,371069,1.1,70617.0,2.6,34.6,62.8,2.0,19.5,78.5,4.0,60.8,67.4,115,107,85,101976,85526,16450,20169
460,156,2005,31082,2.5,12377.0,1.6,62.1,36.3,6.8,17.8,75.4,19.1,25.2,77.4,76,112,100,18692,8970,9722,5178
461,156,2010,58641,4.8,19281.0,1.4,62.8,35.9,5.2,36.9,58.0,18.2,28.7,80.9,100,119,165,36600,19775,16825,4634
462,156,2018,63171,3.1,14277.0,1.3,58.3,40.4,6.5,38.2,55.3,16.2,30.1,87.7,112,144,181,17652,18893,- 1 241,- 12 319
463,157,2005,117708,7.7,765.0,24.5,21.2,54.3,43.1,20.3,36.6,7.7,19.3,84.1,55,100,,16050,25097,- 9 046,- 3 606
464,157,2010,174508,1.6,1023.0,24.3,20.6,55.1,43.4,21.4,35.2,0.6,21.7,80.1,100,111,,21413,37537,- 16 124,- 1 354
465,157,2018,282506,5.7,1462.0,25.2,19.2,55.6,41.3,23.9,34.8,4.2,25.1,82.6,157,128,,21878,57440,- 35 562,- 15 818
466,158,2005,191,0.2,9611.0,4.4,16.6,79.1,7.1,13.8,79.1,4.2,58.1,75.4,81,,,14,156,-143,-40
467,158,2010,183,3.0,8956.0,4.5,10.7,84.8,2.4,11.8,85.9,,,,100,,,12,107,-96,-19
468,158,2018,310,1.9,14428.0,3.4,8.4,88.3,,,,,,,118,,,6,158,-151,-46
469,159,2005,15465,7.2,4643.0,6.8,16.3,76.9,15.7,17.2,67.1,9.8,47.9,81.1,81,99,,963,4152,- 3 189,- 1 064
470,159,2010,28917,5.8,7937.0,3.9,20.3,75.8,17.4,18.7,63.9,6.5,49.0,82.0,100,106,,10987,16737,- 5 751,- 3 113
471,159,2018,55188,4.9,13680.0,2.6,27.9,69.6,14.5,18.0,67.5,6.2,50.5,80.4,122,112,,11624,9992,1632,- 3 036
472,160,2005,7312,3.9,1158.0,22.7,34.0,43.3,52.6,5.8,41.6,2.5,70.9,73.9,77,99,,3276,1728,1548,539
473,160,2010,14205,11.2,1998.0,20.3,33.6,46.0,25.8,7.5,66.7,2.0,70.2,73.0,100,112,,5742,3950,1792,-633
474,160,2018,19694,2.5,2436.0,20.1,28.1,51.8,20.4,7.6,72.0,2.7,68.9,70.8,136,122,,8240,3578,4661,5181
475,161,2005,8735,2.1,1507.0,19.6,34.8,45.7,32.4,15.7,51.9,5.8,55.0,85.3,71,98,100,3153,3274,-121,-68
476,161,2010,20048,13.1,3228.0,22.5,30.1,47.4,25.6,19.2,55.2,4.6,53.9,83.7,100,138,110,6517,10033,- 3 517,49
477,161,2018,27165,4.0,4039.0,19.0,31.6,49.4,20.9,19.5,59.6,5.2,56.9,83.8,135,164,124,8680,11873,- 3 194,-369
478,162,2005,76080,6.3,2755.0,7.5,37.7,54.7,34.8,14.1,51.1,4.9,66.7,84.6,87,99,100,17114,12502,4612,1148
479,162,2010,147528,8.3,5022.0,7.5,39.1,53.5,27.7,16.9,55.4,3.5,72.0,86.3,100,129,130,35807,29966,5842,- 3 782
480,162,2018,192210,3.9,6049.0,7.6,32.5,59.9,28.0,15.9,56.0,3.8,69.4,84.7,125,150,142,44238,39764,4474,- 2 720
481,163,2005,103072,4.8,1195.0,12.7,33.9,53.5,36.0,15.6,48.5,7.8,47.7,76.6,,99,,41255,49487,- 8 233,1990
482,163,2010,199591,7.6,2130.0,12.3,32.6,55.1,33.2,15.0,51.8,3.6,48.6,76.1,,112,,51498,58468,- 6 970,7179
483,163,2018,304906,6.9,2951.0,9.7,30.9,59.5,25.3,17.8,56.8,5.9,49.8,75.1,112,113,,68713,101889,- 33 177,- 2 518
484,164,2005,306127,3.5,7980.0,3.3,32.8,63.9,17.4,29.2,53.4,17.8,47.8,63.0,,98,100,89378,101539,- 12 161,- 7 981
485,164,2010,479321,3.6,12507.0,2.9,33.2,63.9,13.0,30.3,56.6,9.6,48.3,64.3,100,101,134,157065,174128,- 17 063,- 25 875
486,164,2018,471402,2.9,12332.0,2.7,33.7,63.6,10.3,31.1,58.6,4.2,48.5,64.8,110,113,154,221308,217979,3329,1584
487,165,2005,197300,0.8,18674.0,2.6,24.6,72.7,12.0,30.4,57.6,7.6,55.3,69.3,92,97,100,38672,63904,- 25 232,- 19 538
488,165,2010,238303,1.9,22371.0,2.2,22.6,75.2,11.2,27.3,61.6,10.8,55.8,66.9,100,105,92,49414,77682,- 28 268,- 24 202
489,165,2018,204837,1.5,19750.0,2.2,22.2,75.6,6.7,24.6,68.8,7.8,53.0,63.3,109,108,88,62170,77834,- 15 664,1167
490,166,2005,83915,-2.0,22286.0,0.6,47.3,52.1,2.1,19.0,78.9,11.4,36.9,59.1,,96,,,,,
491,166,2010,98381,-0.4,26470.0,0.8,50.7,48.4,1.6,13.8,84.7,16.4,35.6,55.0,100,104,,,,,
492,166,2018,105035,-2.6,28636.0,0.8,50.4,48.8,3.2,16.8,80.1,11.5,33.1,50.9,107,102,,,,,
493,167,2005,43998,7.5,50873.0,0.1,74.6,25.3,3.1,40.4,56.5,1.6,45.1,94.0,,96,100,25762,10061,15702,
494,167,2010,123627,16.7,69466.0,0.1,67.5,32.4,1.5,57.2,41.3,0.4,51.1,95.8,,132,190,74964,23240,51725,
495,167,2018,152452,2.2,59324.0,0.2,49.7,50.1,1.2,54.6,44.2,0.2,57.8,94.7,108,166,226,67444,29451,37993,6426
496,168,2005,898137,3.9,18439.0,3.1,37.5,59.4,7.9,26.8,65.2,3.7,50.4,74.0,86,100,100,284418,261236,23183,12655
497,168,2010,1 094 499,6.5,22088.0,2.5,38.3,59.3,6.6,25.0,68.5,3.7,49.5,72.2,100,101,139,466381,425208,41173,28850
498,168,2018,1 411 246,2.8,27785.0,2.2,38.6,59.2,4.8,24.6,70.6,3.7,52.2,73.2,113,103,151,573627,478469,95158,78460
499,169,2005,2988,7.5,719.0,19.1,22.3,58.6,40.6,16.0,43.3,7.3,46.4,50.9,,100,100,1091,2292,- 1 201,-226
500,169,2010,5812,7.1,1423.0,14.1,20.0,65.9,27.5,18.6,53.8,7.4,38.9,45.4,100,93,82,1541,3855,- 2 314,-481
501,169,2018,6773,4.3,1668.0,14.0,20.3,65.7,32.6,17.2,50.2,4.4,38.9,45.6,154,111,94,2425,4831,- 2 406,-617
502,170,2005,99699,4.2,4652.0,9.5,36.0,54.5,32.3,30.5,37.3,7.2,46.3,61.2,74,95,100,27730,40463,- 12 733,- 8 541
503,170,2010,167998,-0.8,8219.0,6.3,41.3,52.4,31.0,28.3,40.7,7.0,46.3,64.3,100,90,123,49413,62007,- 12 593,- 8 478
504,170,2018,186691,4.8,9439.0,4.3,32.4,63.3,22.3,28.5,49.2,5.1,43.7,62.8,114,95,155,70627,85318,- 14 691,- 7 111
505,171,2005,764016,6.4,5320.0,5.0,38.1,57.0,10.2,29.8,60.0,7.2,55.9,68.3,61,99,100,241452,98707,142744,84389
506,171,2010,1 524 917,4.5,10652.0,3.9,34.7,61.4,7.8,27.7,64.5,7.4,56.5,70.8,100,99,109,397068,228912,168156,67452
507,171,2018,1 246 015,-0.2,8655.0,4.7,32.4,62.8,6.6,26.8,66.6,5.0,56.3,71.4,168,139,121,403406,228213,175194,35173
508,172,2005,2581,9.4,287.0,39.3,13.8,46.9,85.6,3.4,11.0,1.7,85.2,86.8,,101,,150,374,-224,
509,172,2010,5774,7.3,563.0,30.2,15.8,53.9,79.6,5.5,14.8,3.0,86.1,87.6,100,139,,242,1405,- 1 163,-427
510,172,2018,8474,5.9,711.0,31.5,17.6,50.8,65.7,8.3,26.0,1.4,86.0,86.2,135,140,,984,1794,-810,-628
511,173,2005,,,,,,,,,,30.1,41.1,60.3,,99,,,,,
512,173,2010,,,,,,,4.2,14.1,67.1,28.9,45.3,59.9,,105,,,,,
513,173,2018,,,,,,,4.3,12.7,81.7,28.9,49.1,61.3,127,102,,,,,
514,174,2005,,,,,,,,,,5.2,,,,,,1,12,-12,
515,174,2010,,,,,,,7.3,20.0,72.7,2.0,,,,,,0,20,-20,
516,174,2018,,,,,,,,,,,,,,,,0,55,-55,
517,175,2005,543,8.8,11178.0,1.9,25.4,72.6,0.2,48.8,42.1,5.1,74.9,62.8,82,91,,34,210,-176,-65
518,175,2010,705,-2.2,13708.0,1.6,28.1,70.3,,,,,,,100,35,,32,270,-238,-139
519,175,2018,910,2.2,16597.0,1.1,28.0,70.9,,,,,,,106,39,,33,309,-276,-102
520,176,2005,935,-1.7,5714.0,3.5,18.7,77.8,13.8,20.3,65.9,18.7,57.3,75.6,87,91,,64,486,-422,-129
521,176,2010,1244,-1.0,7210.0,2.9,15.5,81.6,14.6,18.4,67.0,20.6,58.9,75.3,100,87,,215,647,-432,-203
522,176,2018,1397,0.7,7848.0,3.0,13.5,83.5,15.3,17.4,67.2,20.4,61.4,75.9,108,65,,104,731,-627,-31
523,177,2005,,,,,,,,,,,,,,94,,31,216,-185,
524,177,2010,,,,,,,,,,,,,,110,,137,747,-610,
525,177,2018,,,,,,,,,,,,,,115,,780,2991,- 2 211,
526,178,2005,551,2.5,5065.0,6.2,18.6,75.1,7.2,12.6,80.3,18.9,54.7,80.8,81,104,,40,240,-201,-102
527,178,2010,681,-3.3,6232.0,7.1,19.2,73.7,6.8,13.1,80.0,18.8,57.3,81.0,100,119,,42,379,-338,-208
528,178,2018,765,1.3,6980.0,8.2,17.4,74.4,6.0,12.7,81.3,18.3,58.7,80.1,107,110,,39,315,-276,-122
529,179,2005,434,5.1,2414.0,12.3,30.6,57.2,7.1,14.8,78.1,2.1,24.6,40.8,76,101,,87,239,-151,-48
530,179,2010,679,4.3,3648.0,9.1,25.8,65.1,5.9,15.3,78.8,4.8,24.3,40.4,100,107,,70,310,-240,-44
531,179,2018,822,5.8,4214.0,10.4,22.7,66.9,5.8,15.0,79.2,8.1,23.7,38.7,112,118,,44,356,-312,-32
532,180,2005,2027,2.3,69338.0,0.0,38.2,61.8,0.5,39.3,60.2,,53.8,79.2,,,,,,,
533,180,2010,2139,-4.6,68767.0,0.0,35.4,64.6,0.3,34.3,65.4,4.4,,,,,,,,,
534,180,2018,1591,1.0,47910.0,0.0,34.8,65.1,,,,6.6,,,109,,,,,,
535,181,2005,126,7.1,811.0,18.3,14.9,66.8,27.9,17.2,54.9,16.5,38.8,73.5,39,101,,3,50,-46,-36
536,181,2010,197,6.7,1130.0,11.8,18.2,70.1,23.9,16.1,60.0,14.6,40.1,75.5,100,104,,6,112,-106,-88
537,181,2018,343,0.1,1715.0,11.5,16.7,71.9,16.0,13.9,70.2,13.4,41.2,75.3,172,109,,11,147,-136,-73
538,182,2005,328461,5.6,13740.0,3.2,61.8,35.0,4.0,20.0,75.9,6.0,17.7,74.0,81,100,100,180278,57233,123045,90060
539,182,2010,528207,5.0,19260.0,2.6,58.2,39.1,4.3,21.4,74.4,5.6,18.2,74.4,100,103,112,250577,103622,146955,66751
540,182,2018,639617,1.4,19817.0,2.7,43.1,54.2,6.4,22.6,71.1,5.6,22.3,79.7,116,106,135,251648,123934,127714,- 23 843
541,183,2005,8708,5.6,774.0,16.8,23.6,59.6,40.6,17.4,42.0,8.9,34.2,69.8,,110,100,1471,3498,- 2 027,-676
542,183,2010,12926,4.2,1001.0,17.5,23.4,59.2,53.3,19.6,27.0,10.2,42.4,69.6,100,151,104,2088,4782,- 2 694,-589
543,183,2018,14605,6.5,948.0,17.1,23.4,59.6,52.8,20.2,27.0,4.8,45.9,69.9,109,145,102,2989,6729,- 3 740,
544,184,2005,26252,5.5,3528.0,12.0,29.3,58.7,23.3,27.6,49.1,20.8,45.4,64.5,65,,100,,,,
545,184,2010,39460,0.6,5412.0,10.2,28.4,61.4,22.6,22.3,55.0,19.2,42.9,59.4,100,103,97,9795,16735,- 6 940,- 2 692
546,184,2018,38300,2.8,5426.0,7.9,31.3,60.8,18.7,24.5,56.8,13.1,45.6,61.2,139,105,96,16959,22146,- 5 187,- 2 355
547,185,2005,919,9.0,10357.0,3.8,19.4,76.8,,,,5.5,,,54,99,,340,675,-335,-174
548,185,2010,970,5.9,10612.0,2.7,16.5,80.8,,,,,,,100,92,,418,1180,-763,-214
549,185,2018,1434,1.5,15217.0,2.0,12.6,85.4,3.6,17.9,78.2,4.1,61.9,68.3,123,99,,497,2141,- 1 644,-296
550,186,2005,1650,4.5,292.0,51.0,11.6,37.4,65.9,6.1,28.0,3.6,64.4,65.7,,94,,154,341,-187,-105
551,186,2010,2578,5.3,399.0,55.2,8.1,36.7,63.7,6.4,29.8,4.3,60.5,61.9,100,147,,319,776,-457,-585
552,186,2018,3675,6.1,497.0,59.9,5.8,34.3,59.8,6.2,34.0,4.4,57.0,58.6,176,195,,324,893,-569,-162
553,187,2005,127418,7.5,28372.0,0.1,32.4,67.6,0.9,21.8,77.2,5.6,52.4,76.3,88,90,,230344,200724,29619,28105
554,187,2010,236420,15.2,46592.0,0.0,27.6,72.3,0.1,30.4,69.5,3.2,57.1,77.2,100,92,,351867,310791,41076,55421
555,187,2018,296946,2.0,52814.0,0.0,26.1,73.8,0.1,16.2,83.7,1.8,60.3,76.5,113,115,,373255,327710,45545,60989
556,188,2005,708,,21762.0,0.3,16.4,83.3,,,,,,,,,,,,,
557,188,2010,896,1.1,27065.0,0.1,13.4,86.5,,,,,,,,,,,,,
558,188,2018,1072,0.4,27116.0,0.1,9.2,90.7,,,,,,,,,,,,,47
559,189,2005,48965,6.8,9069.0,3.6,36.1,60.3,4.8,38.8,56.4,16.3,51.3,68.6,87,102,100,32210,34226,- 2 016,- 5 125
560,189,2010,89501,5.0,16561.0,2.8,35.2,62.0,3.2,37.1,59.6,14.4,50.6,67.6,100,82,127,63999,64382,-383,- 4 211
561,189,2018,89769,3.3,16489.0,3.7,34.8,61.5,2.8,36.1,61.1,6.8,52.2,67.4,110,98,158,84525,82994,1532,- 2 044
562,190,2005,36345,4.0,18206.0,2.6,34.1,63.3,9.1,37.1,53.8,6.5,52.8,66.0,87,99,100,17896,19626,- 1 730,-680
563,190,2010,48014,1.2,23477.0,2.0,30.6,67.4,8.8,32.6,58.6,7.2,53.2,65.5,100,91,103,24435,26592,- 2 157,-55
564,190,2018,44709,3.1,21517.0,2.2,32.3,65.5,4.8,31.8,63.4,6.7,51.4,60.4,107,88,104,28773,28192,581,3132
565,191,2005,429,12.8,914.0,30.4,7.5,62.1,71.2,8.4,20.5,2.2,63.9,81.7,66,103,,70,139,-68,-90
566,191,2010,720,10.6,1363.0,28.7,13.3,57.9,69.5,9.1,21.4,2.1,63.4,81.4,100,111,,215,328,-112,-144
567,191,2018,1134,3.2,1892.0,26.9,15.2,57.9,69.7,9.8,20.6,2.1,62.4,80.3,127,113,,500,572,-72,-46
568,192,2005,2316,3.0,222.0,60.1,7.4,32.6,86.7,7.2,6.1,5.9,17.5,76.0,,103,,379,469,-90,
569,192,2010,1071,2.6,89.0,60.2,7.4,32.5,86.4,7.4,6.2,6.0,17.5,75.0,,105,,568,496,72,
570,192,2018,1318,2.6,92.0,60.2,7.4,32.5,86.2,7.6,6.2,5.9,18.7,74.3,,108,,1003,537,466,
571,193,2005,257772,5.3,5280.0,2.7,30.3,67.1,7.5,25.7,66.8,23.8,45.9,61.8,74,103,,46991,55033,- 8 042,- 8 015
572,193,2010,375348,3.0,7276.0,2.6,30.2,67.2,4.9,24.4,70.7,24.7,44.7,60.5,100,117,,82626,82949,-323,- 5 492
573,193,2018,295440,0.3,5274.0,2.4,28.9,68.6,5.5,23.4,71.2,28.5,47.9,62.0,146,117,,88268,83031,5237,- 8 607
574,194,2005,,,,,,,56.5,18.8,24.6,12.2,70.6,77.2,,,,,,,
575,194,2010,15206,-1.8,1510.0,5.1,55.4,39.4,54.1,19.8,26.1,12.1,70.6,75.9,100,,,,,,
576,194,2018,6534,0.3,534.0,4.1,39.8,56.1,65.4,19.5,15.2,11.5,70.9,73.8,4584,,,1840,886,953,-965
577,195,2005,1 157 248,3.7,26276.0,3.0,30.4,66.5,5.3,29.6,65.1,9.2,46.1,68.0,89,95,100,192798,289611,- 96 812,- 87 005
578,195,2010,1 431 617,0.0,30598.0,2.6,26.0,71.4,4.2,23.0,72.8,19.9,51.5,67.3,100,103,83,246265,315547,- 69 282,- 56 363
579,195,2018,1 237 255,3.3,26695.0,2.8,23.5,73.8,4.0,19.3,76.6,15.4,52.0,63.3,108,104,76,319622,350922,- 31 300,25622
580,196,2005,27932,6.2,1431.0,8.8,31.0,60.1,33.8,27.3,38.9,7.7,36.9,76.7,58,102,,6160,8307,- 2 147,-650
581,196,2010,56726,8.0,2808.0,9.5,29.7,60.9,33.6,24.9,41.5,4.9,34.8,76.3,100,123,,8304,12354,- 4 050,- 1 075
582,196,2018,81322,4.4,3910.0,8.2,29.6,62.2,26.0,25.7,48.3,4.1,34.9,73.9,123,128,,11741,21316,- 9 575,- 2 309
583,197,2005,4832,10.8,1351.0,5.8,25.8,68.3,14.6,26.3,59.2,23.5,14.1,67.0,81,96,100,335,2668,- 2 332,- 1 365
584,197,2010,8913,8.1,2192.0,6.4,23.3,70.2,12.8,25.7,61.5,23.7,14.8,66.4,100,75,115,576,3959,- 3 383,- 1 307
585,197,2018,13397,4.1,2796.0,4.4,22.5,73.1,9.7,29.4,61.0,28.6,19.8,72.1,111,87,130,1035,5624,- 4 589,- 1 564
586,198,2005,,,,,,,54.8,21.4,23.8,13.0,24.5,74.0,60,,,,,,- 2 473
587,198,2010,54459,8.8,1584.0,42.8,13.9,43.4,49.2,22.6,28.2,12.9,23.0,72.7,100,,,,,,- 1 725
588,198,2018,82887,3.0,2094.0,31.7,20.8,47.6,53.2,19.2,27.6,12.8,23.5,69.8,350,,,4061,9163,- 5 102,- 5 033
589,199,2005,2193,3.9,4395.0,11.3,37.4,51.3,7.0,24.2,68.8,9.8,38.9,65.5,69,99,,997,1050,-53,-144
590,199,2010,4368,5.2,8303.0,10.2,37.9,51.9,4.2,23.0,72.8,7.6,41.0,65.4,100,137,,2026,1397,628,651
591,199,2018,3278,-5.1,5871.0,9.7,31.8,58.4,2.6,24.4,73.0,8.1,41.9,65.1,264,146,,1441,1209,232,-2
592,200,2005,389043,2.8,43042.0,1.1,29.7,69.2,2.0,22.1,75.9,7.7,59.6,68.0,93,100,100,130264,111351,18912,23583
593,200,2010,488378,6.0,52009.0,1.6,28.9,69.4,2.1,19.9,78.0,8.6,58.9,67.4,100,95,93,158411,148788,9622,29196
594,200,2018,514476,3.3,52297.0,1.3,24.5,74.2,1.8,18.0,80.2,6.7,60.8,67.3,106,100,88,153106,153856,-751,17097
595,201,2005,408697,3.1,55153.0,0.9,27.0,72.1,3.9,22.5,73.6,4.4,59.5,75.0,96,99,100,130930,126574,4356,55573
596,201,2010,583783,3.0,74538.0,0.7,26.6,72.7,3.5,22.4,74.1,4.8,59.9,74.3,100,103,119,195609,176281,19329,86701
597,201,2018,668851,1.4,79609.0,0.7,25.8,73.5,3.4,20.6,76.0,4.9,62.8,73.9,98,101,130,299309,267501,31807,66558
598,202,2005,28397,6.2,1552.0,20.3,31.2,48.5,21.2,26.5,52.2,9.9,16.2,76.2,,100,100,6450,7898,- 1 448,299
599,202,2010,60465,3.4,2877.0,19.7,30.7,49.6,15.2,34.3,50.6,8.6,13.2,72.8,100,89,98,11353,17562,- 6 209,-367
600,202,2018,22163,-3.4,1203.0,20.5,30.2,49.3,23.0,33.0,44.0,12.1,11.6,69.7,663,79,,949,1773,-824,
601,203,2005,2312,6.7,337.0,23.8,30.7,45.6,56.7,16.2,27.1,11.2,47.3,69.5,,99,100,905,1329,-424,-19
602,203,2010,5642,6.5,738.0,21.8,27.9,50.3,53.1,15.5,31.4,11.7,46.9,71.4,100,124,114,1207,2659,- 1 452,-540
603,203,2018,6952,6.9,796.0,23.3,29.6,47.1,51.2,16.5,32.3,10.3,45.4,73.5,160,159,145,1198,2775,- 1 577,-35
604,204,2005,189318,4.2,2894.0,9.2,38.6,52.2,42.6,20.3,37.1,1.4,65.7,81.5,87,98,,110110,118164,- 8 054,- 7 642
605,204,2010,341105,7.5,5075.0,10.5,40.0,49.5,38.2,20.6,41.1,0.6,64.5,80.8,100,114,,195312,182393,12918,11486
606,204,2018,407026,4.3,5911.0,8.3,35.8,55.8,32.0,22.5,45.5,1.3,60.3,77.0,111,118,,233695,225681,8013,48126
607,205,2005,6259,4.7,3038.0,11.3,23.7,64.9,19.5,32.4,48.1,37.2,42.0,63.8,87,100,100,2041,3228,- 1 187,-159
608,205,2010,9407,3.4,4543.0,11.7,24.4,63.9,19.3,29.6,51.1,32.0,42.8,68.6,100,115,100,3351,5474,- 2 123,-198
609,205,2018,10746,2.9,5163.0,10.5,28.4,61.1,16.0,29.7,54.3,22.8,42.5,67.4,111,123,113,5670,7719,- 2 049,-129
610,206,2005,1850,52.7,1802.0,7.3,76.7,16.0,60.4,7.8,31.8,7.2,31.6,66.4,74,101,,43,102,-58,
611,206,2010,3999,-1.3,3604.0,4.8,79.9,15.3,50.8,9.3,39.9,3.3,26.5,56.2,100,124,,42,298,-256,1671
612,206,2018,2703,5.0,2131.0,7.0,69.2,23.8,24.9,15.4,59.7,3.5,24.7,52.1,142,111,,197,724,-527,-339
613,207,2005,2281,-4.7,401.0,32.9,15.9,51.2,42.5,17.9,39.6,1.9,80.5,80.7,78,97,100,360,593,-233,-204
614,207,2010,3426,6.1,527.0,33.8,16.0,50.3,38.4,18.3,43.4,1.9,77.0,80.3,100,123,124,648,1205,-557,-200
615,207,2018,4449,5.0,585.0,28.7,17.3,54.0,36.9,17.3,45.8,1.8,75.6,79.3,110,142,156,749,1615,-866,-461
616,208,2005,,,,,,,,,,,,,,100,,0,1,-1,
617,208,2010,,,,,,,,,,,,,,108,,0,1,-1,
618,208,2018,,,,,,,,,,,,,,115,,0,1,-1,
619,208,2005,,,,,,,,,,,,,,100,,0,1,-1,
620,208,2010,,,,,,,,,,,,,,108,,0,1,-1,
621,208,2018,,,,,,,,,,,,,,115,,0,1,-1,
622,208,2005,,,,,,,,,,,,,,100,,0,1,-1,
623,208,2010,,,,,,,,,,,,,,108,,0,1,-1,
624,208,2018,,,,,,,,,,,,,,115,,0,1,-1,
625,208,2005,,,,,,,,,,,,,,100,,0,1,-1,
626,208,2010,,,,,,,,,,,,,,108,,0,1,-1,
627,208,2018,,,,,,,,,,,,,,115,,0,1,-1,
628,208,2005,,,,,,,,,,,,,,100,,0,1,-1,
629,208,2010,,,,,,,,,,,,,,108,,0,1,-1,
630,208,2018,,,,,,,,,,,,,,115,,0,1,-1,
631,209,2005,262,1.6,2589.0,20.2,19.1,60.6,31.9,30.3,37.7,3.0,45.5,75.2,77,98,,10,120,-110,-21
632,209,2010,374,3.6,3590.0,18.2,19.9,61.8,31.6,30.6,37.8,1.1,45.4,75.0,100,135,,8,159,-151,-80
633,209,2018,401,3.4,3748.0,19.3,19.4,61.3,31.6,31.7,36.7,1.2,45.1,74.1,113,137,,10,212,-201,-56
634,210,2005,15982,6.2,12323.0,0.5,56.7,42.8,4.3,31.1,64.5,8.0,53.5,76.2,65,99,100,9611,5694,3918,3881
635,210,2010,22123,3.3,16658.0,0.4,51.3,48.3,3.7,30.2,66.1,5.9,52.5,75.4,100,96,159,10982,6480,4502,4172
636,210,2018,24086,-2.3,17646.0,0.4,37.8,61.8,3.6,26.8,69.6,5.1,51.0,73.2,140,96,142,8863,6425,2439,2325
637,211,2005,32272,4.0,3194.0,10.0,28.8,61.3,20.8,42.2,37.0,12.9,23.9,68.6,82,102,100,10494,13174,- 2 681,-299
638,211,2010,44051,3.0,4140.0,8.1,31.1,60.8,17.7,44.9,37.3,13.0,24.5,69.7,100,106,115,16427,22215,- 5 789,- 2 104
639,211,2018,41704,1.0,3657.0,9.8,26.0,64.2,13.5,42.7,43.8,15.1,24.1,70.3,138,117,112,14532,20715,- 6 183,- 3 694
640,212,2005,501423,9.0,7384.0,10.6,29.0,60.4,25.7,26.3,48.0,10.6,23.3,70.1,66,101,100,73476,116774,- 43 298,- 20 980
641,212,2010,771877,8.5,10672.0,10.3,28.0,61.8,23.7,26.2,50.1,10.7,27.0,69.6,100,110,116,113883,185544,- 71 661,- 44 616
642,212,2018,863712,3.2,10863.0,7.0,32.0,61.0,18.8,26.9,54.3,11.1,32.2,71.7,175,129,140,157055,233792,- 76 737,- 47 378
643,213,2005,14182,13.0,2983.0,18.8,37.6,43.6,19.1,36.6,44.2,3.8,52.5,75.2,,104,,3009,2217,792,
644,213,2010,22583,9.2,4439.0,14.5,48.4,37.0,12.6,45.1,42.3,4.0,52.9,76.2,,98,,3335,2400,935,
645,213,2018,36180,6.2,6389.0,13.4,51.0,35.6,7.9,44.8,47.2,3.3,53.2,78.2,,102,,3813,2679,1135,
646,214,2005,579,14.4,21879.0,1.2,19.7,79.1,1.4,16.8,70.9,8.0,,,,,,15,304,-289,
647,214,2010,687,1.0,22159.0,0.6,12.4,86.9,1.2,23.1,74.0,8.3,,,,,,16,302,-286,
648,214,2018,918,4.4,26291.0,0.6,10.5,88.9,,,,,,,,,,4,370,-366,253
649,215,2005,22,-4.1,2162.0,22.2,8.3,69.4,,,,6.5,47.9,69.6,,100,,0,13,-13,-4
650,215,2010,32,-3.1,3005.0,27.6,4.7,67.7,,,,,,,,104,,0,12,-12,-14
651,215,2018,37,3.0,3307.0,24.3,8.2,67.5,,,,,,,,111,,0,12,-12,
652,216,2005,11154,10.0,391.0,28.6,22.2,49.1,75.3,5.7,19.0,1.9,65.0,76.1,,100,,813,2054,- 1 241,51
653,216,2010,19803,8.2,584.0,26.1,20.4,53.5,71.1,7.1,21.8,4.0,65.9,76.0,,89,,1619,4664,- 3 046,- 1 609
654,216,2018,25308,2.3,610.0,25.5,22.7,51.8,68.4,7.0,24.6,2.2,66.7,74.9,168,92,,2852,4809,- 1 957,- 1 128
655,217,2005,89239,3.1,1903.0,10.0,34.1,55.8,19.4,26.0,54.6,7.2,48.5,62.9,51,100,100,34228,36122,- 1 894,2534
656,217,2010,136012,0.3,2970.0,8.4,29.3,62.3,20.3,25.7,54.0,8.1,48.4,63.0,100,107,94,51430,60737,- 9 307,- 3 016
657,217,2018,93270,2.3,2099.0,13.7,27.1,59.2,14.4,25.7,59.9,9.0,46.6,62.7,235,153,99,43428,49439,- 6 011,- 2 088
658,218,2005,182978,4.9,39955.0,1.3,54.0,44.7,4.9,40.1,55.0,3.1,37.2,92.5,,106,,115453,80814,34639,
659,218,2010,289787,1.6,35038.0,0.8,52.5,46.7,0.8,29.3,69.9,3.8,42.9,93.3,100,108,,198362,187001,11361,
660,218,2018,348744,3.0,37622.0,0.8,40.2,59.0,0.3,38.7,61.0,1.8,40.6,91.7,113,101,,220453,237797,- 17 345,
661,219,2005,2 520 709,3.1,41812.0,0.6,21.9,77.5,1.4,22.2,76.4,4.8,54.7,69.2,87,100,100,392744,528461,- 135 717,- 52 165
662,219,2010,2 441 173,1.7,38561.0,0.7,20.0,79.3,1.2,19.2,79.6,7.8,55.5,68.6,100,102,92,422014,627618,- 205 603,- 92 499
663,219,2018,2 647 899,1.8,40249.0,0.6,20.2,79.2,1.1,18.2,80.7,4.2,56.9,68.1,116,103,90,443734,640365,- 196 631,- 106 505
664,220,2005,18072,7.4,471.0,30.1,20.8,49.1,74.7,4.8,20.5,4.4,81.8,84.4,66,98,,1672,3247,- 1 575,- 1 093
665,220,2010,31105,6.4,694.0,31.7,21.5,46.8,72.2,5.4,22.4,3.0,81.9,84.4,100,128,,4051,8013,- 3 962,- 2 211
666,220,2018,47653,7.0,881.0,31.2,27.0,41.9,66.0,6.0,28.0,2.3,79.4,87.5,175,165,,4500,7706,- 3 206,- 2 009
667,221,2005,,,,,,,2.3,11.0,86.7,7.7,60.1,70.0,,99,,,,,
668,221,2010,,,,,,,2.2,11.1,86.7,7.3,59.4,68.4,,107,,,,,
669,221,2018,,,,,,,2.7,11.7,85.6,7.0,57.0,64.2,,107,,,,,
670,222,2005,13 093 726,3.3,44366.0,1.0,21.5,77.5,1.6,21.0,77.4,5.1,58.2,72.2,90,100,100,904339,1 732 321,- 827 981,- 745 246
671,222,2010,14 964 372,2.5,48485.0,1.1,20.2,78.8,1.6,18.5,79.9,9.6,57.5,69.9,100,106,96,1 278 099,1 968 260,- 690 161,- 430 702
672,222,2018,18 624 475,1.5,57808.0,1.0,19.2,79.9,1.6,18.8,79.6,4.3,55.5,68.0,112,117,108,1 546 069,2 408 395,- 862 326,- 466 248
673,223,2005,17363,7.5,5221.0,9.8,26.6,63.6,5.7,22.9,71.4,12.2,52.5,74.4,71,101,,3422,3879,-457,42
674,223,2010,40285,7.8,11938.0,8.0,27.3,64.7,11.6,21.4,67.0,7.2,55.3,76.7,100,119,,6724,8622,- 1 898,-731
675,223,2018,52420,1.5,15221.0,6.6,27.8,65.6,8.0,19.8,72.2,8.3,56.3,74.6,175,118,,7889,8458,-568,926
676,224,2005,14396,7.0,543.0,29.5,29.1,41.4,34.7,32.2,33.1,8.3,52.3,74.6,,100,100,4458,3657,801,
677,224,2010,39526,8.5,1382.0,19.8,33.3,46.9,27.2,37.1,35.7,8.2,53.0,75.7,,127,165,11587,8381,3206,
678,224,2018,67779,6.0,2155.0,17.6,32.9,49.5,21.4,37.7,40.9,6.9,53.8,78.0,,167,175,13894,12998,896,
679,225,2005,395,5.3,1886.0,24.1,8.5,67.4,64.2,5.5,30.3,5.6,61.5,79.1,84,100,,38,149,-111,-34
680,225,2010,701,1.6,2966.0,21.9,13.0,65.0,61.4,6.9,31.7,5.4,61.2,79.5,100,128,,46,276,-230,-42
681,225,2018,838,4.0,3097.0,27.0,9.6,63.5,64.7,6.0,29.4,5.2,61.5,79.7,108,124,,38,313,-275,-82
682,226,2005,145514,10.3,5433.0,4.0,56.9,39.2,9.8,21.0,69.3,11.4,49.7,80.6,,101,,55413,21848,33565,25447
683,226,2010,393806,-1.5,13566.0,5.7,51.0,43.4,9.1,23.9,67.0,8.4,50.6,79.3,100,111,,66963,32343,34620,5585
684,226,2018,291376,-16.5,9230.0,5.6,39.2,55.3,10.0,23.6,66.4,7.7,50.4,77.3,772,109,,11563,6771,4792,- 3 870
685,227,2005,57633,7.5,684.0,19.3,38.1,42.6,54.6,18.9,26.5,2.3,72.5,81.4,60,100,100,32447,36761,- 4 314,-560
686,227,2010,115932,6.4,1310.0,21.0,36.7,42.2,48.8,21.4,29.7,2.6,72.5,81.6,100,120,156,72237,84839,- 12 602,- 4 276
687,227,2018,205276,6.2,2171.0,18.1,36.4,45.5,39.6,25.3,35.1,2.1,73.2,83.4,156,138,199,203526,218338,- 14 813,6124
688,228,2005,,,,,,,,,,,,,,102,,1,51,-50,
689,228,2010,,,,,,,,,,,,,,105,,1,35,-34,
690,228,2018,,,,,,,,,,,,,,112,,1,57,-55,
691,229,2005,,,,,,,38.0,29.2,32.8,8.1,26.9,79.0,,100,,,,,
692,229,2010,,,,,,,34.6,30.2,35.2,7.9,28.1,79.5,,102,,,,,
693,229,2018,,,,,,,30.6,30.9,38.4,7.3,28.9,79.6,,107,,,,,
694,230,2005,19041,5.1,925.0,9.6,43.8,46.5,30.1,15.7,54.2,16.1,23.6,71.3,60,98,,5608,5400,208,624
695,230,2010,29031,7.8,1230.0,12.1,34.4,53.4,24.1,19.0,56.9,17.8,24.8,71.4,100,136,,6437,9255,- 2 818,- 1 054
696,230,2018,25374,-9.8,920.0,15.4,31.0,53.6,47.7,12.2,40.1,16.1,26.2,73.7,158,141,,637,7162,- 6 525,- 3 026
697,231,2005,8332,7.2,691.0,15.5,28.6,55.9,72.8,6.8,20.4,10.4,73.7,85.7,60,100,100,1810,2558,-748,-232
698,231,2010,20265,10.3,1463.0,10.0,34.1,55.9,63.4,8.8,27.8,13.2,71.1,82.2,100,164,141,7200,5321,1879,1525
699,231,2018,21063,3.6,1270.0,5.1,35.8,59.2,53.0,12.0,35.0,7.8,70.1,79.6,181,183,157,8363,9145,-782,- 1 006
700,232,2005,6223,-4.1,481.0,12.3,41.9,45.9,72.6,10.4,17.0,4.5,77.1,88.2,,92,,1394,2072,-679,
701,232,2010,10052,15.4,714.0,13.4,28.4,58.1,69.0,9.4,21.6,5.3,77.4,88.4,100,98,,3199,5852,- 2 653,- 1 444
702,232,2018,16124,0.7,998.0,11.2,24.3,64.5,68.6,7.4,24.0,5.1,78.9,89.3,106,100,,3465,5449,- 1 985,-591
