id,country_id,year,Internet usage,Research expenditure,Threatened species,Forested area,CO2 emission,CO2 emission (per capita),Energy production,Energy supply,Tourists,Important sites,Drinking water (urban),Drinking water (rural),Sanitation (urban),Sanitation (rural),Assist disbursed,Assist received
1,1,2005,1.2,,33,2.1,1.3,0.0,23,1,,0.0,61.5,32.4,36.1,23.3,,45.15
2,1,2010,4.0,,34,2.1,8.5,0.3,41,5,,6.1,70.7,40.5,41.1,25.4,,40.44
3,1,2018,10.6,,42,2.1,9.8,0.3,60,4,,6.1,78.2,47.0,45.1,27.0,,20.64
4,2,2005,6.0,,37,28.6,4.3,1.4,48,29,,44.0,98.4,94.0,95.0,80.7,,3.79
5,2,2010,45.0,0.2,100,28.3,4.6,1.6,69,31,2191,58.8,96.5,94.7,95.3,86.1,,3.09
6,2,2018,66.4,,130,28.2,5.7,2.0,87,32,4070,67.0,94.9,95.2,95.5,90.2,,1.42
7,3,2005,5.8,0.1,50,0.6,107.3,3.3,7534,48,1443,38.4,90.3,83.3,90.7,75.6,,0.35
8,3,2010,12.5,,105,0.8,119.2,3.3,6200,46,2070,38.4,87.3,82.5,90.3,78.9,,0.13
9,3,2018,42.9,,135,0.8,145.4,3.7,5883,56,2039,38.8,84.3,81.8,89.8,82.2,,0.1
10,4,2005,,,24,89.4,,,,,24,61.5,99.9,99.9,61.9,61.9,,
11,4,2010,,,79,88.6,,,,,23,61.5,100.0,100.0,62.3,62.3,,
12,4,2018,,,92,87.7,,,,,20,61.5,100.0,100.0,62.5,62.5,,
13,5,2005,37.6,,5,34.0,0.6,7.4,0,130,2418,17.9,100.0,100.0,100.0,100.0,,
14,5,2010,81.0,,8,34.0,0.5,6.2,1,114,1808,17.9,100.0,100.0,100.0,100.0,,
15,5,2018,97.9,,13,34.0,0.5,6.4,1,124,2831,26.1,100.0,100.0,100.0,100.0,,
16,6,2005,1.1,,76,47.4,19.2,1.2,2934,22,210,28.4,66.1,34.6,79.0,16.3,,1.71
17,6,2010,2.8,,117,46.9,29.1,1.4,4057,24,425,28.4,71.9,30.6,85.0,20.2,,0.32
18,6,2018,13.0,,146,46.4,34.8,1.4,4137,24,397,28.4,75.4,28.2,88.6,22.5,,0.24
19,7,2005,29.0,,18,61.1,0.1,9.5,0,132,62,0.2,94.0,,94.7,,,
20,7,2010,49.6,,33,61.1,0.2,10.9,0,155,62,0.2,94.5,,97.3,,,
21,7,2018,81.6,,52,61.1,0.1,9.8,0,151,79,0.2,94.6,,97.9,,,
22,8,2005,27.0,,22,22.3,0.4,5.1,,75,245,18.4,97.8,97.8,89.5,89.5,,0.83
23,8,2010,47.0,,38,22.3,0.5,6.0,0,86,230,18.4,97.9,97.9,91.4,91.4,,1.76
24,8,2018,73.0,,55,22.3,0.5,5.8,0,85,265,18.4,97.9,97.9,91.4,91.4,,0.0
25,9,2005,17.7,0.4,186,11.0,162.1,4.2,3609,75,3823,29.7,98.4,87.5,93.7,87.9,,0.05
26,9,2010,45.0,0.6,213,10.4,187.9,4.5,3343,80,5325,32.0,98.7,93.7,95.0,93.9,,0.03
27,9,2018,70.2,0.6,256,9.9,204.0,4.7,3100,83,5559,33.2,99.0,100.0,96.2,98.3,,0.0
28,10,2005,5.3,0.3,35,11.7,4.4,1.4,36,34,319,24.8,99.1,89.1,95.7,78.3,,3.38
29,10,2010,25.0,0.2,36,11.6,4.2,1.4,52,40,684,30.5,99.6,96.5,95.9,78.2,,3.52
30,10,2018,62.0,0.3,114,11.7,5.5,1.8,46,43,1260,30.5,100.0,100.0,96.2,78.2,,3.03
31,11,2005,25.4,,18,2.3,2.7,26.9,5,299,733,47.8,95.8,95.8,98.0,98.0,,
32,11,2010,62.0,,22,2.3,2.5,24.7,5,273,824,47.8,97.4,97.4,97.7,97.7,,
33,11,2018,93.5,,32,2.3,0.9,8.4,1,123,1102,47.8,98.1,98.1,97.7,97.7,,
34,12,2005,63.0,1.9,621,16.6,350.2,17.2,11451,233,5499,38.7,100.0,100.0,100.0,100.0,0.25,
35,12,2010,76.0,2.4,853,16.0,390.9,17.6,13620,245,5790,46.2,100.0,100.0,100.0,100.0,0.32,
36,12,2018,88.2,2.2,948,16.2,361.3,15.3,15938,220,8263,54.3,100.0,100.0,100.0,100.0,"0.23{,f",
37,13,2005,58.0,2.4,67,46.6,74.2,9.0,414,172,19952,63.5,100.0,100.0,100.0,100.0,0.52,
38,13,2010,75.2,2.7,82,46.7,67.5,8.0,503,170,22004,66.1,100.0,100.0,100.0,100.0,0.32,
39,13,2018,84.3,3.1,118,46.9,58.7,6.9,500,161,28121,66.3,100.0,100.0,100.0,100.0,0.3,
40,14,2005,8.0,0.2,38,10.6,34.3,4.0,1155,67,693,33.3,90.5,65.3,81.9,64.6,,1.82
41,14,2010,46.0,0.2,45,12.2,30.7,3.4,2759,53,1280,39.4,92.6,71.5,86.8,75.6,,0.33
42,14,2018,78.2,0.2,97,13.8,37.5,3.9,2472,62,2044,39.4,94.7,77.8,91.6,86.6,0.04,0.22
43,15,2005,25.0,,42,51.4,1.7,5.5,0,83,1608,7.0,97.3,97.3,90.0,90.0,,
44,15,2010,43.0,,62,51.4,1.7,4.6,0,96,1370,7.0,98.1,98.1,91.4,91.4,,
45,15,2018,80.0,,86,51.4,2.4,6.3,0,87,1482,24.7,98.4,98.4,92.0,92.0,,
46,16,2005,21.3,,18,0.6,19.2,26.5,672,480,6313,19.6,100.0,100.0,99.2,99.2,,
47,16,2010,55.0,,32,0.7,29.3,23.2,849,407,11952,27.5,100.0,100.0,99.2,99.2,,
48,16,2018,98.0,0.1,36,0.8,31.3,23.0,957,420,10158,27.5,100.0,100.0,99.2,99.2,,
49,17,2005,0.2,,85,11.2,39.5,0.3,1027,8,208,37.9,84.3,78.2,53.3,49.8,,1.82
50,17,2010,3.7,,122,11.1,59.9,0.4,1304,10,303,48.0,85.4,82.6,55.5,55.9,,1.13
51,17,2018,18.2,,151,11.0,73.2,0.5,1509,11,125,48.0,86.5,87.0,57.7,62.1,,1.07
52,18,2005,52.5,,20,14.7,1.4,5.0,5,65,548,2.1,98.4,98.4,90.1,90.1,,-0.06
53,18,2010,65.1,,36,14.7,1.5,5.3,4,72,532,2.1,99.1,99.1,93.5,93.5,,0.37
54,18,2018,79.5,,56,14.7,1.3,4.5,3,58,632,2.1,99.7,99.7,96.2,96.2,,
55,19,2005,1.9,0.7,18,41.6,59.2,6.0,159,115,91,35.0,99.7,99.1,94.0,96.4,,0.19
56,19,2010,31.8,0.7,16,42.1,63.0,6.6,166,122,119,35.4,99.8,99.1,94.0,95.8,,0.24
57,19,2018,71.1,0.5,25,42.5,63.5,6.7,146,111,9424,49.1,99.9,99.1,94.1,95.2,,-0.05
58,20,2005,55.8,1.8,36,22.3,108.5,10.4,577,234,6747,80.5,100.0,100.0,99.5,99.5,0.53,
59,20,2010,75.0,2.1,27,22.5,110.8,10.2,646,230,7186,80.6,100.0,100.0,99.5,99.4,0.64,
60,20,2018,86.5,2.5,37,22.6,93.4,8.3,444,197,7481,80.8,100.0,100.0,99.5,99.4,0.45,
61,21,2005,17.0,,67,62.1,0.4,1.5,4,39,237,45.8,94.9,87.8,88.8,83.5,,1.2
62,21,2010,28.2,,92,61.0,0.5,1.7,14,40,242,45.8,97.4,97.1,92.6,86.5,,2.02
63,21,2018,44.6,,117,59.9,0.5,1.4,9,41,386,46.0,98.9,100.0,93.5,88.2,,2.09
64,22,2005,1.3,,31,42.7,2.4,0.3,70,14,176,77.4,80.6,63.4,29.0,4.9,,7.29
65,22,2010,3.1,,62,40.4,5.1,0.6,86,16,199,77.4,83.2,68.3,32.7,6.2,,9.96
66,22,2018,12.0,,88,38.2,6.3,0.6,114,17,267,77.4,85.2,72.1,35.6,7.3,,5.74
67,23,2005,65.4,,47,20.0,0.6,9.1,,124,270,16.2,,,,,,
68,23,2010,84.2,0.2,50,20.0,0.6,9.5,1,138,232,16.2,,,,,,
69,23,2018,98.0,0.2,72,20.0,0.6,9.2,1,133,244,16.2,,,,,,
70,24,2005,3.8,,48,69.7,0.4,0.6,53,73,14,38.6,98.9,86.6,67.2,26.4,,11.16
71,24,2010,13.6,,59,71.0,0.5,0.7,73,81,41,41.2,99.5,94.1,76.0,31.2,,8.78
72,24,2018,41.8,,71,72.3,1.0,1.3,77,82,210,42.9,100.0,100.0,77.9,33.1,,2.5
73,25,2005,5.2,0.3,150,54.2,12.2,1.3,586,24,524,52.8,94.4,62.4,53.8,21.4,,7.01
74,25,2010,22.4,0.2,163,51.9,15.2,1.5,656,26,679,54.6,95.6,69.7,57.7,24.8,,3.82
75,25,2018,39.7,,231,50.6,20.4,1.9,871,31,959,56.2,96.7,75.6,60.8,27.5,,2.1
76,26,2005,,,,,,,,,,39.3,,,,,,
77,26,2010,,,,,,,,,,39.3,,,,,,
78,26,2018,,,56,,0.3,13.3,0,212,,39.3,,,,,,
79,27,2005,21.3,0.0,40,42.7,16.2,4.3,152,54,217,0.0,99.5,97.6,98.6,92.5,,4.62
80,27,2010,42.8,0.0,67,42.7,21.3,5.5,182,70,365,12.0,99.6,98.9,98.8,92.2,,2.93
81,27,2018,69.3,0.2,91,42.7,22.2,5.8,257,87,777,12.0,99.7,100.0,98.9,92.0,,2.67
82,28,2005,3.3,0.5,15,21.1,4.1,2.2,29,35,1474,47.1,99.4,90.4,72.8,36.1,,0.53
83,28,2010,6.0,,18,20.0,4.7,2.3,30,36,1973,47.1,99.2,91.6,76.4,40.4,,1.26
84,28,2018,39.4,0.5,28,19.1,7.0,3.2,56,35,1528,47.1,99.2,92.3,78.5,43.1,,0.61
85,29,2005,21.0,1.0,697,60.6,347.3,1.9,8344,50,5358,42.3,98.4,79.7,84.7,43.8,,0.02
86,29,2010,40.6,1.2,773,59.6,419.8,2.1,10050,55,5161,47.5,99.3,83.8,86.5,48.1,,0.02
87,29,2018,59.7,1.2,990,59.0,529.8,2.6,11456,59,6578,47.6,100.0,87.0,88.0,51.5,,0.04
88,30,2005,,,30,24.4,0.1,6.0,0,85,337,9.4,94.9,94.9,97.5,97.5,,
89,30,2010,37.0,,43,24.3,0.2,6.3,0,89,330,9.4,,,97.5,97.5,,
90,30,2018,37.6,,67,24.1,0.2,6.0,0,84,408,9.4,,,97.5,97.5,,
91,31,2005,36.5,0.0,148,73.8,5.0,13.8,848,210,126,62.9,,,,,,
92,31,2010,53.0,,170,72.1,8.2,20.9,775,345,214,62.9,,,,,,
93,31,2018,75.0,,193,72.1,9.1,21.8,673,269,219,62.9,,,,,,
94,32,2005,20.0,0.4,44,33.6,47.9,6.2,444,107,4837,41.2,99.8,99.3,86.8,83.6,,
95,32,2010,46.2,0.6,66,34.4,44.1,5.9,442,100,6047,95.5,99.7,99.1,86.8,83.7,0.09,
96,32,2018,59.8,1.0,104,35.2,42.4,5.9,505,108,8252,95.6,99.6,99.0,86.8,83.7,0.11,
97,33,2005,0.5,0.2,11,21.7,1.1,0.1,98,8,245,66.7,90.0,63.4,48.3,5.1,,12.83
98,33,2010,2.4,0.2,24,20.6,2.0,0.1,118,9,274,71.8,95.3,72.3,49.8,6.2,,11.35
99,33,2018,14.0,,31,19.6,2.8,0.1,126,9,152,71.8,97.5,75.8,50.4,6.7,,8.66
100,34,2005,0.5,,28,7.0,0.2,0.0,79,11,148,51.0,92.9,71.2,39.1,46.3,,33.23
101,34,2010,1.0,0.1,52,9.9,0.2,0.0,86,9,142,51.0,91.9,72.6,41.7,47.6,,31.15
102,34,2018,5.2,0.1,61,10.7,0.4,0.0,56,5,187,51.2,91.1,73.8,43.8,48.6,,24.84
103,35,2005,6.1,,23,20.7,0.4,0.9,2,16,198,15.0,87.5,83.1,67.8,35.2,,17.36
104,35,2010,30.0,,31,21.1,0.6,1.1,1,19,336,15.0,91.1,85.4,75.5,45.8,,20.55
105,35,2018,48.2,0.1,65,22.3,0.5,1.0,2,17,598,15.1,94.0,87.3,81.6,54.3,,7.38
106,36,2005,0.3,0.0,103,60.8,2.8,0.2,105,11,1422,38.1,71.6,48.4,58.6,16.9,,8.97
107,36,2010,1.3,,204,57.2,5.0,0.4,152,16,2508,39.5,86.1,58.8,73.8,23.7,,6.84
108,36,2018,25.6,0.1,255,53.6,6.7,0.4,184,19,5012,39.5,100.0,69.1,88.1,30.5,,3.88
109,37,2005,1.4,,484,44.5,3.7,0.2,442,17,,25.4,89.1,46.0,61.1,26.7,,2.59
110,37,2010,4.3,,624,42.1,6.8,0.3,351,14,573,28.4,92.6,50.2,61.5,26.7,,2.31
111,37,2018,25.0,,775,39.8,7.0,0.3,446,14,822,36.3,94.8,52.7,61.8,26.8,,3.16
112,38,2005,71.7,2.0,74,38.2,557.4,17.3,16597,348,18771,21.2,100.0,99.0,100.0,99.0,0.34,
113,38,2010,80.3,1.8,77,38.2,534.7,15.7,16450,319,16219,25.4,100.0,99.0,100.0,99.0,0.34,
114,38,2018,89.8,1.6,122,38.2,537.2,15.1,19321,310,19824,25.7,100.0,99.0,100.0,99.0,0.26,
115,39,2005,38.0,,19,52.9,0.5,9.1,,130,168,31.6,95.0,,95.5,,,
116,39,2010,66.0,,34,52.9,0.6,10.1,,144,288,31.7,96.7,,95.6,,,
117,39,2018,79.0,,74,52.9,0.5,9.2,,132,385,32.5,97.4,,95.6,,,
118,40,2005,0.3,,30,35.8,0.2,0.1,19,5,12,74.2,86.2,51.6,35.3,8.8,,6.64
119,40,2010,2.0,,36,35.7,0.3,0.1,19,5,54,74.4,88.6,53.6,41.2,7.7,,13.08
120,40,2018,4.0,,60,35.6,0.3,0.1,19,5,120,74.4,89.6,54.4,43.6,7.2,,28.42
121,41,2005,0.4,,21,4.9,0.4,0.0,433,7,,70.6,64.7,42.4,28.1,5.8,,6.87
122,41,2010,1.7,,30,4.4,0.5,0.0,324,6,71,70.6,69.8,44.1,30.5,6.3,,4.76
123,41,2018,5.0,,43,3.9,0.7,0.0,225,6,120,70.6,71.8,44.8,31.4,6.5,,6.63
124,42,2005,,,,4.2,,,,,,,,,,,,
125,42,2010,,,,4.2,,,,,,,,,,,,
126,42,2018,,,,4.2,,,,,,,,,,,,
127,43,2005,31.2,,123,21.6,61.8,3.8,390,72,2027,33.4,99.4,77.6,97.3,77.6,,0.15
128,43,2010,45.0,0.3,145,21.8,72.3,4.3,384,75,2801,35.2,99.6,87.4,99.2,85.9,,0.09
129,43,2018,66.0,0.4,197,23.9,82.6,4.7,540,84,5641,35.7,99.7,93.3,100.0,90.9,,0.07
130,44,2005,8.5,1.3,773,20.6,5897.0,4.5,63831,53,46809,46.6,97.3,78.2,79.1,54.3,,0.08
131,44,2010,34.3,1.7,859,21.4,8776.0,6.5,88642,76,55664,47.1,97.4,85.6,82.9,59.0,,0.01
132,44,2018,53.2,2.1,1080,22.2,10291.9,7.5,100864,87,59270,47.6,97.5,93.0,86.6,63.7,,-0.01
133,45,2005,56.9,0.8,39,,43.9,6.5,,85,14773,56.7,,,,,,
134,45,2010,72.0,0.7,49,,40.7,5.8,,79,20085,56.7,,,,,,
135,45,2018,87.3,0.8,64,,46.2,6.4,,80,26553,56.7,,,,,,
136,46,2005,34.9,0.1,5,,1.8,3.8,2,58,9014,0.0,,,,,,
137,46,2010,55.2,0.1,9,,1.4,2.6,2,57,11926,0.0,,,,,,
138,46,2018,81.6,0.1,11,,1.3,2.2,2,68,15704,0.0,,,,,,
139,47,2005,11.0,0.2,593,54.3,60.9,1.4,3335,27,933,25.0,97.1,72.1,84.0,57.8,,0.44
140,47,2010,36.5,0.2,681,52.8,76.2,1.7,4486,31,1405,30.3,96.9,73.2,84.6,63.4,,0.24
141,47,2018,58.1,0.2,835,52.7,84.1,1.8,5593,31,3317,38.0,96.8,73.8,85.2,67.9,,0.4
142,48,2005,2.0,,27,22.6,0.1,0.2,2,6,26,5.0,93.8,88.6,41.7,23.9,,6.11
143,48,2010,5.1,,89,21.0,0.2,0.2,2,7,15,10.4,93.1,88.9,45.4,27.8,,13.19
144,48,2018,7.9,,114,19.9,0.2,0.2,3,7,27,10.4,92.6,89.1,48.3,30.9,,8.68
145,49,2005,1.5,,65,65.8,1.0,0.3,563,13,35,51.5,95.5,34.6,18.4,5.6,,35.36
146,49,2010,5.0,,103,65.6,2.0,0.5,724,17,194,61.2,95.6,37.6,19.3,5.6,,14.57
147,49,2018,8.1,,134,65.4,3.1,0.7,623,24,211,72.1,95.8,40.0,20.0,5.6,,1.19
148,50,2005,26.2,,23,62.9,0.1,3.2,,39,88,7.6,99.9,99.9,94.2,94.2,,
149,50,2010,35.7,,53,62.9,0.1,3.5,,36,104,7.6,99.9,99.9,96.4,96.4,,
150,50,2018,54.0,,75,62.9,0.1,3.4,0,41,146,22.4,99.9,99.9,97.6,97.6,,
151,51,2005,22.1,0.4,231,48.8,6.9,1.6,93,41,1679,44.8,99.4,90.0,94.8,88.9,,0.14
152,51,2010,36.5,0.5,285,51.0,7.6,1.7,104,45,2100,45.3,99.5,91.2,95.1,91.0,,0.26
153,51,2018,66.0,0.6,340,54.0,7.8,1.6,110,43,2925,45.3,99.6,91.9,95.2,92.3,,0.19
154,52,2005,33.1,0.9,57,34.0,22.6,5.1,199,92,7743,22.8,99.8,97.4,98.1,96.1,,0.28
155,52,2010,56.6,0.7,101,34.3,20.2,4.7,215,90,9111,24.4,99.7,98.6,98.0,95.9,,0.23
156,52,2018,72.7,0.9,176,34.3,16.8,4.0,184,83,13809,72.0,99.6,99.7,97.8,95.8,0.09,
157,53,2005,9.7,0.5,272,25.3,26.0,2.3,205,37,2261,42.1,95.4,81.5,91.5,81.9,,0.22
158,53,2010,15.9,0.6,304,27.5,38.4,3.4,200,44,2507,68.3,95.9,85.6,93.3,86.4,,0.21
159,53,2018,38.8,0.4,339,30.8,34.8,3.0,212,42,3968,73.4,96.4,89.8,94.4,89.1,,0.13
160,54,2005,,,,,,,,,222,6.1,,,,,,
161,54,2010,,,,,,,,,342,6.1,,,,,,
162,54,2018,,,51,,5.9,37.8,0,592,441,40.4,,,,,,
163,55,2005,32.8,0.4,25,18.7,7.5,7.3,0,89,2470,36.1,100.0,100.0,100.0,100.0,0.09,
164,55,2010,53.0,0.4,43,18.7,7.7,7.0,4,94,2173,54.5,100.0,100.0,100.0,100.0,0.23,
165,55,2018,75.9,0.5,72,18.7,6.1,5.2,5,73,3187,57.8,100.0,100.0,100.0,100.0,0.09,
166,56,2005,35.3,1.2,45,34.3,120.1,11.7,1387,186,9404,87.8,99.9,99.7,99.1,99.2,0.11,
167,56,2010,68.8,1.3,33,34.4,111.6,10.6,1339,180,8629,92.3,100.0,99.9,99.1,99.2,0.13,
168,56,2018,76.5,1.9,53,34.5,96.5,9.2,1213,167,12090,92.3,100.0,100.0,99.1,99.2,0.13,
169,57,2005,1.0,,167,32.7,7.8,0.4,451,23,,79.1,92.0,68.0,30.9,8.9,,0.56
170,57,2010,2.7,,210,32.7,7.0,0.3,467,21,252,79.1,92.6,68.4,32.0,9.7,,3.53
171,57,2018,26.5,,249,32.7,11.0,0.5,526,24,1583,79.1,93.1,68.8,32.8,10.3,,1.88
172,58,2005,0.0,,44,52.3,75.6,3.2,923,38,,10.2,99.9,99.6,75.5,62.8,,
173,58,2010,0.0,,52,47.1,66.5,2.7,872,32,,10.2,99.9,99.4,85.9,70.9,,
174,58,2018,0.0,,78,41.8,40.5,1.6,788,13,,10.2,99.9,99.4,87.9,72.5,,
175,59,2005,0.2,0.1,171,68.7,1.5,0.0,866,14,61,36.6,83.5,28.2,29.2,22.2,,16.43
176,59,2010,0.7,0.1,296,68.0,2.0,0.0,855,13,81,38.5,82.3,29.7,28.9,25.5,,17.76
177,59,2018,6.2,,349,67.3,4.7,0.1,1218,16,191,40.1,81.1,31.2,28.5,28.7,,6.57
178,60,2005,82.7,2.4,35,13.1,47.1,8.7,1298,145,9587,89.2,100.0,100.0,99.6,99.6,0.81,
179,60,2010,88.7,2.9,33,13.8,46.6,8.4,968,146,9425,89.6,100.0,100.0,99.6,99.6,0.91,
180,60,2018,97.0,3.0,47,14.6,33.5,5.9,662,118,10781,89.7,100.0,100.0,99.6,99.6,0.72,
181,61,2005,1.0,,21,0.2,0.4,0.5,3,11,30,0.0,92.5,63.3,64.5,18.9,,9.56
182,61,2010,6.5,,81,0.2,0.5,0.6,3,13,51,0.0,96.6,64.5,60.6,7.4,,
183,61,2018,13.1,,98,0.2,0.7,0.8,4,11,63,0.9,97.4,64.7,59.8,5.1,,
184,62,2005,38.5,,33,61.3,0.1,1.7,0,31,79,44.3,95.7,91.8,79.6,84.3,,6.19
185,62,2010,47.4,,48,59.5,0.1,1.9,0,34,77,44.3,95.7,,,,,6.71
186,62,2018,67.0,,66,57.8,0.1,1.9,0,37,78,44.3,95.7,,,,,1.69
187,63,2005,11.5,,104,34.2,18.6,2.0,28,29,3691,72.9,89.9,79.4,84.6,70.0,,0.24
188,63,2010,31.4,,126,37.6,21.0,2.1,27,30,4125,72.9,87.7,80.7,85.4,72.9,,0.34
189,63,2018,61.3,,184,41.0,21.5,2.1,25,31,5959,76.2,85.4,81.9,86.2,75.7,,0.26
190,64,2005,6.0,0.1,2151,53.7,30.3,2.2,1251,35,860,25.5,89.8,70.2,82.2,64.1,,0.59
191,64,2010,29.0,0.4,2255,52.1,36.5,2.5,1077,38,1047,27.9,91.8,73.2,85.0,73.3,,0.22
192,64,2018,54.1,0.4,2358,50.5,43.9,2.8,1297,40,1418,29.0,93.4,75.5,87.0,80.7,,0.25
193,65,2005,12.8,0.2,46,0.1,167.2,2.2,3383,37,8244,37.9,98.9,95.8,95.8,85.5,,1.17
194,65,2010,21.6,0.4,121,0.1,202.7,2.5,3692,40,14051,39.6,99.6,97.4,96.8,93.1,,0.28
195,65,2018,39.2,0.7,156,0.1,201.9,2.2,3051,38,5258,39.6,100.0,99.0,96.8,93.1,,0.64
196,66,2005,4.2,,49,14.9,6.5,1.1,104,31,1127,9.9,94.7,72.2,78.4,48.3,,1.2
197,66,2010,15.9,0.1,72,13.9,6.5,1.1,95,29,1150,22.4,96.1,79.4,80.4,54.2,,1.35
198,66,2018,29.0,0.1,86,12.8,6.3,1.0,87,29,1434,26.6,97.5,86.5,82.4,60.0,,0.51
199,67,2005,1.1,,101,60.1,4.7,7.7,823,86,,100.0,64.1,36.7,80.4,76.4,,0.91
200,67,2010,6.0,,130,58.0,4.7,6.4,813,94,,100.0,69.3,33.5,80.1,73.0,,0.89
201,67,2018,23.8,,177,55.9,5.3,6.5,879,84,,100.0,72.5,31.5,79.9,71.0,,0.1
202,68,2005,0.1,,34,15.4,0.8,0.2,21,7,83,13.3,70.2,49.8,49.8,4.4,,32.12
203,68,2010,0.6,,97,15.2,0.5,0.1,24,7,84,13.3,72.3,52.3,46.0,6.5,,7.74
204,68,2018,1.2,,122,15.0,0.7,0.1,27,7,142,13.3,73.2,53.3,44.6,7.3,,5.16
205,69,2005,61.4,0.9,12,53.1,16.8,12.4,163,164,1917,94.7,99.8,97.9,97.5,96.1,0.08,
206,69,2010,74.1,1.6,11,52.7,18.1,13.6,205,177,2372,94.8,99.9,98.5,97.5,96.4,0.1,
207,69,2018,87.2,1.5,23,52.7,19.5,14.8,233,176,3147,94.9,100.0,99.0,97.5,96.6,0.17,
208,70,2005,3.7,,23,31.5,1.0,0.9,36,36,837,30.0,90.8,52.7,62.9,51.7,,1.39
209,70,2010,11.0,,29,32.7,1.0,0.9,33,37,868,30.0,92.8,64.2,63.0,54.7,,2.16
210,70,2018,28.6,,34,34.1,1.2,1.0,38,38,947,30.3,93.6,68.9,63.1,56.0,,4.14
211,71,2005,0.2,0.2,93,13.0,5.1,0.1,1070,15,227,18.6,89.1,28.8,24.3,13.5,,15.6
212,71,2010,0.8,0.2,120,12.3,6.6,0.1,1212,15,468,19.8,91.1,38.7,25.7,20.9,,11.58
213,71,2018,15.4,0.6,148,12.5,11.6,0.1,1334,15,871,19.8,93.1,48.6,27.2,28.2,,5.65
214,72,2005,84.0,,26,0.0,0.1,17.5,0,235,,10.9,,,,,,
215,72,2010,95.8,,23,0.0,0.1,19.1,0,261,,10.9,,,,,,
216,72,2018,99.0,,23,0.0,0.1,18.9,0,257,,10.9,,,,,,
217,73,2005,67.9,0.9,11,0.1,0.7,15.0,0,216,,0.0,,,,,,
218,73,2010,75.2,,13,0.1,0.6,12.9,0,184,,0.0,,,,,,
219,73,2018,95.1,,21,0.1,0.6,12.4,1,188,,6.7,,,,,,
220,74,2005,8.5,,101,54.6,1.1,1.3,9,29,545,3.3,98.0,87.9,91.1,73.6,,2.17
221,74,2010,20.0,,192,54.3,1.2,1.4,6,25,632,4.9,99.3,90.7,93.0,86.0,,2.49
222,74,2018,46.5,,291,55.7,1.2,1.3,8,43,792,4.9,99.5,91.2,93.4,88.4,,2.65
223,75,2005,74.5,3.3,25,72.7,54.6,10.4,699,273,2080,72.0,100.0,100.0,99.4,88.1,0.46,
224,75,2010,86.9,3.7,18,73.1,62.1,11.6,727,284,2319,72.2,100.0,100.0,99.4,88.1,0.55,
225,75,2018,87.7,2.9,36,73.1,47.3,8.6,734,245,2789,72.6,100.0,100.0,99.4,88.0,0.41,
226,76,2005,42.9,2.0,120,29.0,385.4,6.3,5692,186,74988,68.8,100.0,100.0,98.6,98.9,0.47,
227,76,2010,77.3,2.2,168,30.0,353.0,5.6,5623,173,76647,80.1,100.0,100.0,98.6,98.9,0.5,
228,76,2018,85.6,2.2,278,31.0,303.3,4.7,5720,155,82570,81.2,100.0,100.0,98.6,98.9,0.43,
229,77,2005,,,49,99.4,0.6,2.8,2,49,95,58.6,91.8,73.4,90.8,68.0,,
230,77,2010,,,56,99.0,0.6,2.8,3,51,189,67.0,94.5,75.1,94.9,75.8,,
231,77,2018,,,73,98.9,0.7,2.8,3,46,199,67.4,94.5,75.1,94.9,75.8,,
232,78,2005,21.5,,122,35.5,0.8,3.2,1,46,208,4.0,100.0,100.0,98.2,98.2,,
233,78,2010,49.0,,160,42.3,0.9,3.2,1,46,154,5.4,100.0,100.0,98.4,98.4,,
234,78,2018,68.4,,175,42.3,0.8,2.9,1,41,192,5.4,100.0,100.0,98.5,98.5,,
235,79,2005,4.9,,139,85.4,4.9,3.6,622,53,269,61.2,95.4,50.0,41.0,33.7,,0.59
236,79,2010,13.0,0.6,204,85.4,4.8,3.1,590,60,,61.2,96.4,59.3,42.3,32.5,,0.85
237,79,2018,48.1,,270,89.3,5.2,3.1,556,62,,61.7,97.2,66.7,43.4,31.5,,0.32
238,80,2005,3.8,,21,46.5,0.3,0.2,6,7,108,34.6,91.5,79.7,60.5,57.7,,10.26
239,80,2010,9.2,0.0,43,47.4,0.4,0.3,6,7,91,34.6,93.5,83.0,61.2,55.8,,12.83
240,80,2018,18.5,0.1,67,48.2,0.5,0.3,7,7,161,34.6,94.2,84.4,61.5,55.0,,9.78
241,81,2005,6.1,0.2,43,39.9,5.1,1.1,53,30,,19.2,98.3,87.2,96.0,88.6,,4.53
242,81,2010,26.9,,46,40.6,6.3,1.5,58,33,1067,21.3,99.5,93.8,95.6,82.2,,5.56
243,81,2018,50.0,0.3,120,40.6,9.0,2.2,58,49,2721,28.4,100.0,100.0,95.2,75.9,,3.42
244,82,2005,68.7,2.4,78,32.6,797.2,9.6,5706,170,21500,70.7,100.0,100.0,99.3,99.0,0.36,
245,82,2010,82.0,2.7,79,32.7,758.9,9.4,5377,170,26875,78.1,100.0,100.0,99.3,99.0,0.39,
246,82,2018,89.6,2.9,116,32.7,719.9,8.9,5007,160,35555,78.6,100.0,100.0,99.3,99.0,0.66,
247,83,2005,1.8,,160,39.8,7.0,0.3,164,12,429,85.0,89.3,66.1,17.6,6.9,,10.87
248,83,2010,7.8,0.4,202,40.4,10.0,0.4,148,11,931,85.0,90.9,75.1,19.2,8.0,,5.36
249,83,2018,34.7,,238,41.0,14.5,0.6,372,12,897,85.0,92.6,84.0,20.2,8.6,,3.19
250,84,2005,39.1,,18,0.0,0.4,13.7,,219,,35.0,,,,,,
251,84,2010,65.0,,22,0.0,0.5,15.2,,238,,35.0,,,,,,
252,84,2018,94.4,,31,0.0,0.5,16.5,,272,,35.0,,,,,,
253,85,2005,24.0,0.6,75,29.1,98.7,8.8,432,115,14765,66.1,99.9,98.1,98.3,93.6,0.17,
254,85,2010,44.4,0.6,156,30.3,83.9,7.5,396,105,15007,73.2,100.0,100.0,98.9,97.2,0.17,
255,85,2018,69.1,1.0,374,31.5,67.3,6.1,355,90,24799,73.2,100.0,100.0,99.2,98.1,0.16,
256,86,2005,57.7,0.7,12,0.0,0.6,10.6,1,165,,26.1,100.0,100.0,100.0,100.0,,
257,86,2010,63.0,,14,0.0,0.7,11.7,1,186,,26.4,100.0,100.0,100.0,100.0,,
258,86,2018,68.5,,23,0.0,0.5,9.0,2,158,,30.3,100.0,100.0,100.0,100.0,,
259,87,2005,20.5,,23,50.0,0.2,2.1,0,33,99,30.2,99.0,95.3,97.5,98.3,,7.89
260,87,2010,27.0,,37,50.0,0.3,2.5,0,38,110,30.2,99.0,95.3,97.5,98.3,,4.63
261,87,2018,55.9,,54,50.0,0.2,2.3,0,38,156,42.7,99.0,95.3,97.5,98.3,,0.88
262,88,2005,,,33,43.8,2.2,5.0,5,75,372,53.4,98.6,99.7,95.5,89.5,,
263,88,2010,,,54,43.1,2.3,5.0,2,71,392,80.6,99.3,99.8,97.0,89.5,,
264,88,2018,,,73,43.0,2.6,5.5,5,71,581,80.8,99.3,99.8,97.0,89.5,,
265,89,2005,38.6,,24,46.3,,,,,1228,40.2,99.6,99.6,89.4,89.4,,
266,89,2010,54.0,,34,46.3,,,,,1197,40.2,99.5,99.5,89.7,89.7,,
267,89,2018,77.0,,99,46.3,,,,,1535,40.2,99.5,99.5,89.8,89.8,,
268,90,2005,5.7,0.0,208,36.7,12.6,1.0,255,28,,27.6,95.4,80.1,75.0,43.0,,0.95
269,90,2010,10.5,0.0,230,34.7,11.7,0.8,279,26,1119,30.8,97.3,84.3,76.6,46.9,,0.97
270,90,2018,34.5,0.0,290,33.0,18.3,1.1,316,29,1585,30.8,98.4,86.8,77.5,49.3,,0.4
271,91,2005,0.5,,67,27.4,1.8,0.2,109,15,45,76.4,90.3,56.8,27.9,9.2,,7.26
272,91,2010,1.0,,134,26.6,2.6,0.2,112,13,12,76.4,91.7,62.7,31.3,10.6,,5.14
273,91,2018,9.8,,185,25.9,2.4,0.2,116,12,35,76.4,92.7,67.4,34.1,11.8,,9.7
274,92,2005,1.9,,22,73.7,0.2,0.1,22,19,5,52.2,77.9,48.9,29.7,5.9,,11.61
275,92,2010,2.4,,52,71.9,0.2,0.1,24,17,22,52.2,88.4,54.6,32.4,7.8,,15.27
276,92,2018,3.8,,77,70.1,0.3,0.1,25,16,44,52.6,98.8,60.3,33.5,8.5,,17.75
277,93,2005,6.6,,65,84.3,1.4,1.9,9,39,117,,95.9,88.0,87.0,79.0,,19.28
278,93,2010,29.9,,69,84.2,1.7,2.3,8,43,152,,97.0,93.1,87.7,81.5,,7.37
279,93,2018,35.7,,94,84.0,2.0,2.6,7,45,235,,98.2,98.3,87.9,82.0,,2.02
280,94,2005,6.4,,116,3.8,2.1,0.2,115,15,112,10.5,75.6,48.7,33.4,16.0,,9.96
281,94,2010,8.4,,137,3.7,2.1,0.2,131,16,255,10.5,69.7,48.1,33.5,17.7,,46.25
282,94,2018,12.2,,205,3.5,2.9,0.3,139,17,516,10.5,64.9,47.6,33.6,19.2,,13.32
283,95,2005,,,,,,,,,,,,,,,,
284,95,2010,,,1,,,,,,,,,,,,,
285,95,2018,,,1,,,,,,,,,,,,,
286,96,2005,6.5,0.0,206,51.8,7.6,1.1,77,25,673,57.5,95.4,74.2,80.4,61.1,,7.51
287,96,2010,11.1,,240,46.4,8.0,1.1,93,25,863,57.6,96.4,79.0,83.9,70.3,,4.2
288,96,2018,30.0,,301,41.0,9.5,1.2,113,29,880,65.0,97.4,83.8,86.7,77.7,,2.05
289,97,2005,39.0,0.9,51,22.1,58.0,5.8,434,115,9979,81.0,99.7,98.4,97.8,98.6,0.11,
290,97,2010,65.0,1.1,47,22.6,50.2,5.0,496,111,9510,82.9,100.0,100.0,97.8,98.6,0.09,
291,97,2018,79.3,1.4,66,22.9,42.1,4.3,471,107,15255,82.9,100.0,100.0,97.8,98.6,0.11,
292,98,2005,87.0,2.7,15,0.4,2.2,7.5,127,534,374,15.0,100.0,100.0,98.7,100.0,0.18,
293,98,2010,93.4,2.7,17,0.4,2.0,6.2,252,875,489,15.7,100.0,100.0,98.7,100.0,0.26,
294,98,2018,98.2,2.2,27,0.5,2.0,6.1,285,950,1792,18.0,100.0,100.0,98.7,100.0,0.29,
295,99,2005,2.4,0.8,552,22.8,1222.6,1.1,18315,20,3919,22.6,94.0,82.0,57.4,19.5,,0.23
296,99,2010,7.5,0.8,758,23.5,1719.7,1.4,22598,23,5776,22.6,95.7,87.9,60.3,24.5,,0.17
297,99,2018,29.5,0.6,1052,23.8,2238.4,1.7,23538,28,14569,26.1,97.1,92.6,62.6,28.5,,0.12
298,100,2005,3.6,0.0,833,54.0,342.0,1.5,11351,31,5002,21.3,92.3,72.0,68.1,38.6,,0.93
299,100,2010,10.9,0.1,1142,52.1,428.8,1.8,16854,34,7003,22.8,93.2,75.7,70.4,43.5,,0.19
300,100,2018,25.4,0.1,1281,50.2,464.2,1.8,17926,37,11519,23.5,94.2,79.5,72.3,47.5,,-0.01
301,101,2005,8.1,0.6,69,6.6,468.8,6.7,13006,104,,47.9,98.0,88.8,88.2,74.5,,0.05
302,101,2010,15.9,0.3,102,6.6,573.0,7.7,14283,116,2938,48.6,97.8,90.9,92.3,79.6,,0.02
303,101,2018,53.2,0.3,134,6.6,649.5,8.3,13637,126,4942,48.6,97.7,92.1,92.8,82.3,,0.02
304,102,2005,0.9,,35,1.9,113.5,4.1,4147,54,127,0.0,94.4,57.1,84.6,67.6,,43.51
305,102,2010,2.5,0.0,60,1.9,112.2,3.6,5274,47,1518,1.3,94.0,65.2,85.7,77.8,,1.55
306,102,2018,21.2,0.0,72,1.9,168.4,4.8,7565,55,892,5.1,93.8,70.1,86.4,83.8,,1.34
307,103,2005,41.6,1.2,22,10.1,43.5,10.5,69,147,7333,86.7,96.6,97.2,88.2,92.0,0.42,
308,103,2010,69.8,1.6,27,10.5,40.1,8.7,77,132,7134,89.3,97.3,97.6,88.7,92.5,0.52,
309,103,2018,82.2,1.5,50,10.9,34.1,7.3,80,118,10100,89.9,97.9,97.8,89.1,92.9,0.3,
310,104,2005,,,,6.1,,,0,6,,,,,,,,
311,104,2010,,,2,6.1,,,0,2,,,,,,,,
312,104,2018,,,3,6.1,,,0,3,,,,,,,,
313,105,2005,25.2,4.0,57,7.2,57.0,8.6,87,116,1903,13.8,100.0,100.0,100.0,100.0,0.07,
314,105,2010,67.5,3.9,131,7.1,68.9,9.3,162,130,2803,15.6,100.0,100.0,100.0,100.0,0.07,
315,105,2018,79.8,4.3,174,7.6,64.6,8.1,308,118,2900,15.7,100.0,100.0,100.0,100.0,0.1,
316,106,2005,35.0,1.0,114,29.8,473.4,8.1,1269,134,36513,75.1,100.0,100.0,99.5,99.6,0.29,
317,106,2010,53.7,1.2,174,30.7,405.4,6.8,1384,123,43626,78.0,100.0,100.0,99.5,99.6,0.15,
318,106,2018,61.3,1.3,359,31.6,320.4,5.4,1509,107,52372,78.0,100.0,100.0,99.5,99.6,0.29,
319,107,2005,12.8,0.1,267,31.3,10.5,3.9,15,56,1479,22.0,97.6,89.1,79.5,82.9,,0.38
320,107,2010,27.7,,282,31.1,7.3,2.7,6,38,1922,22.0,97.5,89.3,79.7,83.7,,1.1
321,107,2018,45.0,,311,31.0,7.4,2.7,8,39,2182,22.0,97.5,89.4,79.9,84.1,,0.2
322,108,2005,66.9,3.2,205,68.4,1239.3,9.8,4175,172,6728,64.5,100.0,100.0,100.0,100.0,0.28,
323,108,2010,78.2,3.1,330,68.5,1171.6,9.2,4118,164,8611,64.7,100.0,100.0,100.0,100.0,0.2,
324,108,2018,92.0,3.3,404,68.5,1214.0,9.6,1269,142,24040,68.5,100.0,100.0,100.0,100.0,0.23,
325,109,2005,12.9,0.3,30,1.1,21.1,4.0,10,54,2987,,98.1,91.5,98.4,97.2,,5.53
326,109,2010,27.2,0.4,90,1.1,21.2,3.3,9,46,4207,,98.0,91.9,98.5,98.2,,3.64
327,109,2018,62.3,,113,1.1,26.5,3.6,8,48,3858,,97.8,92.3,98.6,98.9,,7.14
328,110,2005,3.0,0.3,53,1.2,177.3,11.7,5131,155,3143,9.6,98.5,87.4,96.7,97.5,,0.43
329,110,2010,31.6,0.2,73,1.2,248.5,15.3,6770,206,2991,14.8,99.0,86.4,96.9,97.9,,0.17
330,110,2018,76.8,0.2,82,1.2,248.3,14.3,7338,185,4560,16.3,99.4,85.6,97.0,98.1,0.02,0.05
331,111,2005,3.1,,229,7.1,8.6,0.3,338,12,1399,35.5,85.4,47.9,29.5,27.6,,4.04
332,111,2010,7.2,0.8,338,7.4,12.2,0.3,650,20,1470,36.8,83.3,52.9,30.5,28.8,,4.09
333,111,2018,26.0,,480,7.8,14.3,0.3,761,21,1268,37.5,81.6,56.8,31.2,29.7,,3.13
334,112,2005,4.0,,11,15.0,0.1,0.7,0,9,4,12.5,83.3,46.0,48.7,27.2,,17.46
335,112,2010,9.1,,90,15.0,0.1,0.6,0,8,5,52.5,86.2,49.3,50.5,29.6,,10.5
336,112,2018,13.7,,104,15.0,0.1,0.6,0,8,6,52.5,87.3,50.6,51.2,30.6,,23.22
337,113,2005,25.9,0.1,20,0.3,71.5,31.6,6080,500,3474,46.3,99.0,99.0,100.0,100.0,,
338,113,2010,61.4,0.1,41,0.4,89.6,29.3,5557,441,5208,46.3,99.0,99.0,100.0,100.0,,
339,113,2018,78.4,0.3,49,0.4,95.4,25.4,7003,375,7055,59.0,99.0,99.0,100.0,100.0,,
340,114,2005,10.5,0.2,16,4.5,5.6,1.1,61,23,183,22.4,96.3,74.6,90.9,93.1,,11.28
341,114,2010,16.3,0.2,40,3.5,6.4,1.2,53,21,855,22.4,96.5,80.4,90.0,94.3,,8.55
342,114,2018,34.5,0.1,44,3.3,9.6,1.7,75,28,2930,22.6,96.7,86.2,89.1,95.6,,8.19
343,115,2005,0.9,0.0,91,73.1,1.4,0.3,73,13,672,44.0,77.0,49.2,76.3,31.1,,11.14
344,115,2010,7.0,,132,77.2,1.6,0.3,117,19,1670,45.5,81.8,60.4,86.4,44.9,,6.19
345,115,2018,21.9,,209,81.3,2.0,0.3,185,28,3315,45.5,85.6,69.4,94.5,56.0,,2.63
346,116,2005,46.0,0.5,23,53.0,7.5,3.3,78,82,1116,97.2,99.7,96.2,88.0,73.9,0.07,
347,116,2010,68.4,0.6,18,53.9,8.1,3.9,95,97,1373,97.3,99.7,97.3,89.4,77.7,0.06,
348,116,2018,79.9,0.6,30,54.0,7.0,3.5,98,91,1793,97.3,99.8,98.3,90.8,81.5,0.11,
349,117,2005,10.1,,26,13.3,16.2,4.0,10,51,1140,11.6,91.7,91.7,82.0,82.0,,1.09
350,117,2010,43.7,,50,13.4,20.0,4.6,9,60,2168,11.6,97.7,97.7,80.9,80.9,,1.19
351,117,2018,76.1,,87,13.4,24.1,4.3,8,53,1688,13.1,99.0,99.0,80.7,80.7,,2.42
352,118,2005,2.6,0.1,13,1.4,2.0,1.0,25,23,304,15.3,93.6,76.0,35.9,23.4,,3.14
353,118,2010,3.9,0.0,16,1.4,2.3,1.1,27,26,426,15.3,94.1,76.5,36.7,25.8,,8.45
354,118,2018,27.4,0.1,18,1.6,2.5,1.2,31,27,1196,15.3,94.6,77.0,37.3,27.6,,4.58
355,119,2005,0.0,,94,46.5,0.7,0.2,53,19,,16.4,80.4,55.2,25.8,4.5,,56.37
356,119,2010,2.3,,147,44.9,0.8,0.2,64,19,,16.4,84.5,58.9,26.9,5.2,,127.23
357,119,2018,7.3,,172,43.4,0.9,0.2,76,20,,16.4,88.6,62.6,28.0,5.9,,44.78
358,120,2005,3.9,,25,0.1,52.1,9.0,4062,126,81,4.6,72.1,68.4,96.8,95.7,,0.05
359,120,2010,14.0,,44,0.1,62.0,9.9,4294,137,34,4.6,,,96.8,95.7,,0.01
360,120,2018,20.3,,63,0.1,57.0,9.1,1496,163,,4.6,,,96.8,95.7,,1.85
361,121,2005,63.4,,8,43.1,,,,,,75.8,,,,,,
362,121,2010,80.0,,2,43.1,0.1,1.5,1,81,64,75.8,,,,,0.62,
363,121,2018,98.1,,6,43.1,0.0,1.1,1,76,69,75.8,,,,,0.5,
364,122,2005,36.2,0.7,17,33.8,13.9,4.1,170,106,2000,89.6,97.7,83.6,94.7,76.1,0.06,
365,122,2010,62.1,0.8,17,34.6,13.5,4.3,64,92,1507,91.6,98.8,87.4,95.9,79.4,0.1,
366,122,2018,74.4,1.0,26,34.8,12.8,4.4,76,102,2296,91.6,99.7,90.4,97.2,82.8,0.13,
367,123,2005,70.0,1.6,10,33.5,11.5,25.3,4,405,913,62.8,100.0,100.0,97.5,98.7,0.79,
368,123,2010,90.6,1.5,5,33.5,11.0,21.6,5,351,805,62.8,100.0,100.0,97.5,98.6,1.05,
369,123,2018,97.5,1.3,11,33.5,9.7,17.3,6,278,1054,78.7,100.0,100.0,97.5,98.5,1.0,
370,124,2005,0.6,0.2,530,22.1,1.7,0.1,104,7,277,19.7,77.5,27.8,16.9,8.3,,18.47
371,124,2010,1.7,0.1,663,21.6,2.0,0.1,124,7,196,21.7,79.6,31.5,17.5,8.5,,5.53
372,124,2018,4.7,0.0,1324,21.4,3.1,0.1,132,7,293,24.3,81.6,35.3,18.0,8.7,,6.49
373,125,2005,0.4,,50,36.1,0.9,0.1,60,5,438,81.6,93.8,67.9,46.6,34.8,,15.86
374,125,2010,2.3,,158,34.3,1.1,0.1,64,5,746,81.6,94.8,78.5,47.0,37.3,,14.84
375,125,2018,9.6,,176,33.4,1.3,0.1,68,5,849,81.6,95.7,89.1,47.3,39.8,,23.36
376,126,2005,48.6,0.6,892,63.6,174.5,6.7,3770,104,16431,39.1,98.5,90.2,94.4,91.3,,0.02
377,126,2010,56.3,1.0,1180,67.3,218.5,7.8,3450,105,24577,39.5,99.6,91.7,95.9,94.2,,0.0
378,126,2018,78.8,1.3,1272,67.6,242.8,8.1,3748,113,26757,39.5,100.0,93.0,96.1,95.9,,-0.02
379,127,2005,6.9,,12,3.3,0.6,2.1,0,30,395,0.0,99.7,95.4,97.6,84.8,,7.03
380,127,2010,26.5,,59,3.3,0.9,2.8,0,40,792,0.0,99.6,97.5,97.5,97.2,,5.55
381,127,2018,59.1,,75,3.3,1.3,3.7,0,52,1286,0.0,99.5,97.9,97.5,98.3,,0.83
382,128,2005,0.5,,25,4.5,0.9,0.1,49,5,,33.8,79.1,46.1,34.8,13.3,,12.0
383,128,2010,2.0,0.6,29,4.2,1.0,0.1,52,5,169,33.8,87.8,55.1,36.2,14.7,,10.64
384,128,2018,11.1,,42,3.9,1.4,0.1,55,5,173,33.8,96.5,64.1,37.5,16.1,,8.92
385,129,2005,41.2,0.5,25,1.1,2.7,6.6,0,91,1171,99.4,100.0,100.0,100.0,100.0,,
386,129,2010,63.0,0.6,26,1.1,2.6,6.2,0,86,1339,99.4,100.0,100.0,100.0,100.0,0.18,
387,129,2018,77.3,0.8,39,1.1,2.3,5.6,1,65,1966,99.4,100.0,100.0,100.0,100.0,0.22,
388,130,2005,3.9,,13,70.2,0.1,1.7,0,35,9,16.8,92.5,96.5,82.0,50.9,,31.71
389,130,2010,7.0,,84,70.2,0.1,2.0,0,41,5,23.4,93.1,97.2,83.5,54.2,,16.4
390,130,2018,29.8,,101,70.2,0.1,1.9,0,42,10,25.4,93.5,97.6,84.5,56.2,,5.3
391,131,2005,,,29,45.8,2.2,5.5,0,73,484,75.1,95.5,99.8,93.9,72.7,,
392,131,2010,,,31,45.8,2.0,5.1,1,69,478,99.1,100.0,99.8,94.0,72.7,,
393,131,2018,,,48,45.8,2.3,5.8,1,79,519,99.1,100.0,99.8,94.0,72.7,,
394,132,2005,0.7,,26,0.3,1.6,0.5,15,12,30,14.6,50.4,45.9,46.0,10.9,,8.39
395,132,2010,4.0,,58,0.2,2.2,0.6,34,12,,14.6,55.4,52.9,53.2,12.7,,8.74
396,132,2018,18.0,,86,0.2,2.7,0.7,30,13,,14.6,58.4,57.1,57.5,13.8,,6.44
397,133,2005,15.2,0.4,147,18.8,3.3,2.6,12,45,761,9.5,99.8,99.2,93.6,90.9,,0.55
398,133,2010,28.3,,222,18.9,3.9,3.2,11,50,935,9.6,99.9,99.6,93.8,92.0,,1.23
399,133,2018,53.2,0.2,257,19.0,4.2,3.3,12,52,1275,10.4,99.9,99.8,93.9,92.6,,0.35
400,134,2005,1.2,,7,20.7,,,0,17,,15.6,,,,,,
401,134,2010,,,69,18.2,,,0,20,,54.1,,,,,,
402,134,2018,,,88,15.6,,,0,21,,54.1,,,,,,
403,135,2005,17.2,0.4,748,34.5,466.4,4.4,10716,70,21915,24.1,95.0,79.8,84.6,59.5,,0.02
404,135,2010,31.0,0.5,943,34.2,464.3,3.9,9040,62,23290,29.0,96.2,86.7,86.4,67.8,,0.04
405,135,2018,59.5,0.6,1162,34.0,480.3,3.8,8006,62,35079,33.4,97.2,92.1,88.0,74.5,,0.08
406,136,2005,11.9,,30,91.4,0.1,1.1,0,16,19,1.3,94.4,88.3,72.6,35.0,,41.1
407,136,2010,20.0,,148,91.6,0.1,1.1,0,17,45,1.3,94.7,87.6,81.6,45.0,,20.79
408,136,2018,33.4,,167,91.8,0.2,1.4,0,22,30,1.3,94.8,87.4,85.1,49.0,,13.05
409,137,2005,55.5,0.0,9,,,,,,286,,100.0,,100.0,,,
410,137,2010,75.0,,11,,,,,,279,,100.0,,100.0,,,
411,137,2018,95.2,,21,,,,,,336,,100.0,,100.0,,,
412,138,2005,1.3,0.2,39,7.3,8.6,3.4,138,41,338,36.5,71.6,41.3,65.5,31.4,,8.94
413,138,2010,10.2,0.2,36,8.4,13.8,5.1,655,61,456,39.1,69.0,50.3,65.9,37.0,,4.6
414,138,2018,22.3,0.2,41,8.1,20.8,7.2,654,92,404,43.7,66.4,59.2,66.4,42.6,,3.16
415,139,2005,27.1,0.9,,,,,25,67,272,11.9,99.3,95.6,92.5,88.2,,0.17
416,139,2010,37.5,1.1,72,61.5,2.6,4.1,35,77,1088,11.9,99.8,97.4,95.4,90.2,,1.95
417,139,2018,69.9,0.4,98,61.5,2.2,3.5,30,68,1662,11.9,100.0,99.2,98.0,92.2,,2.02
418,140,2005,,,21,25.0,0.0,6.6,,93,10,0.0,98.9,99.0,82.9,82.9,,
419,140,2010,35.0,,35,25.0,0.1,13.0,,175,6,0.0,98.9,99.0,,,,
420,140,2018,54.6,,55,25.0,0.0,9.6,,149,9,30.6,99.0,99.0,,,,
421,141,2005,15.1,0.6,50,12.1,45.8,1.5,72,20,5843,13.3,96.9,61.0,82.9,51.7,,1.18
422,141,2010,52.0,0.7,157,12.7,56.0,1.7,81,23,9288,14.7,98.1,63.7,83.7,60.3,,1.07
423,141,2018,58.3,,207,12.6,59.9,1.7,59,23,10332,43.0,98.7,65.3,84.1,65.5,,2.0
424,142,2005,0.9,0.4,115,51.0,1.8,0.1,429,18,578,19.0,77.0,31.0,39.0,6.8,,17.52
425,142,2010,4.2,0.4,209,49.6,2.7,0.1,517,17,1718,19.0,79.2,34.8,41.1,8.9,,19.8
426,142,2018,17.5,0.3,309,48.2,8.4,0.3,810,19,1639,31.3,80.6,37.0,42.4,10.1,,14.23
427,143,2005,0.1,0.2,147,51.0,11.6,0.3,927,13,660,22.5,88.0,66.0,81.0,64.6,,1.21
428,143,2010,0.2,,249,48.6,12.5,0.3,969,13,792,22.5,91.4,72.0,83.4,73.5,,0.72
429,143,2018,25.1,,321,44.5,21.6,0.4,1141,16,2907,22.9,92.7,74.4,84.3,77.1,,1.99
430,144,2005,4.0,,69,9.3,2.3,1.1,17,26,778,44.6,98.4,74.2,57.1,14.0,,1.59
431,144,2010,11.6,0.1,92,8.9,3.1,1.4,17,30,984,82.4,98.3,79.4,55.8,15.4,,2.41
432,144,2018,31.0,0.3,115,8.4,3.8,1.6,20,31,1469,85.4,98.2,84.6,54.5,16.8,,1.66
433,145,2005,,,5,0.0,0.1,6.1,,84,,0.0,94.4,,65.7,,,
434,145,2010,,,74,0.0,0.0,4.3,0,58,,0.0,95.7,,65.6,,,48.74
435,145,2018,54.0,,82,0.0,0.0,4.8,0,65,,0.0,96.5,,65.6,,,17.72
436,146,2005,0.8,,77,25.4,3.1,0.1,349,14,375,50.3,93.1,80.2,47.8,26.7,,5.19
437,146,2010,7.9,0.3,93,25.4,5.1,0.2,384,17,603,54.6,92.0,86.0,51.9,35.1,,5.05
438,146,2018,19.7,,104,25.4,8.0,0.3,430,18,753,54.6,90.9,91.8,56.0,43.5,,4.94
439,147,2005,81.0,1.8,34,10.8,181.5,11.1,2610,205,10012,91.3,100.0,100.0,97.5,99.9,0.82,
440,147,2010,90.7,1.7,24,11.1,183.1,11.0,2917,207,10883,91.4,100.0,100.0,97.5,99.9,0.81,
441,147,2018,90.4,2.0,40,11.2,167.3,9.9,1990,179,15828,91.4,100.0,100.0,97.5,99.9,0.6,
442,148,2005,32.4,,262,45.9,2.8,12.2,1,161,101,15.5,95.5,95.5,100.0,100.0,,
443,148,2010,42.0,,415,45.9,3.5,14.4,1,192,99,66.1,98.0,98.0,100.0,100.0,,
444,148,2018,74.0,,526,45.9,4.3,16.5,2,240,116,66.4,98.5,98.5,100.0,100.0,,
445,149,2005,62.7,1.1,149,38.7,34.1,8.3,572,181,2353,42.5,100.0,100.0,,,0.27,
446,149,2010,80.5,1.3,153,38.6,31.8,7.3,770,191,2435,44.0,100.0,100.0,,,0.26,
447,149,2018,88.5,1.2,199,38.6,34.7,7.7,775,209,3370,44.3,100.0,100.0,,,0.23,
448,150,2005,2.6,0.0,90,28.8,4.3,0.8,62,22,712,73.7,96.3,63.7,70.8,45.4,,12.39
449,150,2010,10.0,,121,25.9,4.5,0.8,66,22,1011,73.7,98.2,67.3,74.3,51.8,,7.76
450,150,2018,24.6,0.1,144,25.9,4.9,0.8,92,27,1504,73.7,99.3,69.4,76.5,55.7,,3.34
451,151,2005,0.2,,15,1.0,0.7,0.1,70,6,58,40.7,86.4,41.2,30.8,3.4,,15.4
452,151,2010,0.8,,26,1.0,1.2,0.1,56,4,74,40.7,94.8,45.3,34.8,4.1,,13.07
453,151,2018,4.3,,34,0.9,2.1,0.1,99,5,152,42.7,100.0,48.6,37.9,4.6,,12.8
454,152,2005,3.5,,232,12.2,106.1,0.8,9734,32,1010,69.2,79.0,44.2,34.8,30.6,,6.47
455,152,2010,11.5,0.2,297,9.9,91.5,0.6,10595,31,1555,79.6,79.9,50.7,33.8,28.0,,0.59
456,152,2018,25.7,,361,7.7,96.3,0.6,10603,32,1889,79.6,80.8,57.3,32.8,25.4,,0.63
457,153,2005,51.7,,12,73.5,0.0,1.8,0,42,3,95.3,98.8,98.8,89.9,89.9,,
458,153,2010,77.0,,43,71.5,0.0,1.9,0,53,6,95.3,98.5,98.6,100.0,100.0,,
459,153,2018,79.6,,52,69.6,0.0,5.7,0,64,8,95.3,98.4,98.6,100.0,100.0,,
460,154,2005,,,28,67.7,,,,,507,3.8,96.4,96.4,76.2,76.2,,
461,154,2010,,,85,65.9,,,,,379,40.6,97.2,97.2,78.7,78.7,,
462,154,2018,,,102,64.1,,,,,531,40.6,97.5,97.5,79.7,79.7,,
463,155,2005,82.0,1.5,33,33.1,42.4,9.2,9372,242,3824,52.0,100.0,100.0,98.0,98.3,0.94,
464,155,2010,93.4,1.7,36,33.1,60.1,12.3,8759,291,4767,53.8,100.0,100.0,98.0,98.3,1.05,
465,155,2018,97.3,1.9,64,33.2,47.6,9.2,8615,234,5960,55.9,100.0,100.0,98.0,98.3,0.99,
466,156,2005,6.7,,55,0.0,29.9,12.3,2356,183,891,7.8,90.8,79.9,96.8,84.2,,0.06
467,156,2010,35.8,,79,0.0,47.4,16.1,2793,264,1441,7.8,94.1,84.3,97.3,94.7,,-0.04
468,156,2018,69.8,0.2,99,0.0,61.2,14.4,3481,285,2292,11.5,95.5,86.1,97.3,94.7,,
469,157,2005,6.3,0.4,72,2.5,136.6,0.8,2020,17,798,36.6,94.9,86.7,75.4,30.1,,1.45
470,157,2010,8.0,0.4,109,2.2,161.4,1.0,2255,18,907,36.6,94.4,88.3,79.3,40.6,,1.64
471,157,2018,15.5,0.2,140,1.9,166.3,0.9,2415,18,966,36.6,93.9,89.9,83.1,51.1,,0.98
472,158,2005,,,21,87.6,0.3,13.1,,156,81,17.9,97.1,84.4,100.0,91.2,,12.86
473,158,2010,,,128,87.6,0.3,12.3,,141,85,17.9,97.0,86.0,100.0,100.0,,16.25
474,158,2018,,,182,87.6,0.3,12.4,,147,138,36.6,97.0,86.0,100.0,100.0,,6.32
475,159,2005,11.5,0.2,310,64.3,6.8,2.1,32,37,702,37.8,97.8,80.2,80.5,50.5,,0.13
476,159,2010,40.1,0.1,347,63.2,9.2,2.5,26,40,1324,38.8,97.7,84.4,82.0,54.2,,0.48
477,159,2018,54.0,0.1,383,62.1,8.8,2.3,36,44,2007,38.8,97.7,88.6,83.5,58.0,,0.05
478,160,2005,1.7,,295,74.2,4.4,0.7,174,21,69,7.3,87.7,29.5,58.4,13.1,,5.89
479,160,2010,1.3,,453,74.1,4.8,0.7,95,21,140,7.3,87.9,31.8,57.0,13.3,,5.62
480,160,2018,9.6,,493,74.1,6.3,0.8,168,21,184,7.3,88.0,32.8,56.4,13.3,,3.52
481,161,2005,7.9,0.1,50,46.5,3.8,0.7,288,31,341,23.3,94.1,66.0,87.6,59.9,,0.7
482,161,2010,19.8,0.1,48,42.7,5.1,0.8,327,38,465,23.3,97.2,80.5,92.3,69.2,,0.65
483,161,2018,51.3,0.1,59,38.6,5.7,0.9,329,39,1308,23.3,100.0,94.9,95.5,78.4,,0.34
484,162,2005,17.1,0.2,508,59.0,37.1,1.4,455,20,1571,,90.0,59.1,77.7,37.4,,0.64
485,162,2010,34.8,,551,58.4,57.6,1.9,786,27,2299,,90.7,64.2,80.1,45.3,,-0.22
486,162,2018,45.5,0.1,685,57.8,61.7,2.0,961,30,3744,,91.4,69.2,82.5,53.2,,0.17
487,163,2005,5.4,0.1,456,23.7,74.8,0.9,762,17,2623,38.7,92.6,85.1,74.3,60.8,,0.44
488,163,2010,25.0,0.1,697,22.9,84.9,0.9,924,18,3520,41.4,93.1,87.7,76.1,65.8,,0.2
489,163,2018,55.5,0.1,783,27.0,105.7,1.1,999,20,5967,41.7,93.7,90.3,77.9,70.8,,0.08
490,164,2005,38.8,0.6,46,30.0,302.5,7.9,3281,102,15200,73.4,99.1,93.1,95.2,83.3,0.07,
491,164,2010,62.3,0.7,37,30.5,316.3,8.2,2808,110,12470,87.9,99.2,95.2,96.5,90.8,0.08,
492,164,2018,73.3,1.0,58,30.8,285.7,7.4,2834,104,17471,88.1,99.3,96.9,97.5,96.7,0.13,
493,165,2005,35.0,0.8,148,36.0,65.3,6.2,151,105,5769,60.5,99.2,98.3,98.7,96.2,0.21,
494,165,2010,53.3,1.5,171,35.4,48.1,4.5,242,92,6756,71.0,99.7,99.5,99.2,98.7,0.29,
495,165,2018,70.4,1.3,281,34.7,45.1,4.3,222,88,11223,73.9,100.0,100.0,99.6,99.8,0.18,
496,166,2005,23.4,,97,52.2,,,0,6,3686,34.0,93.6,93.6,99.3,99.3,,
497,166,2010,45.3,0.5,103,54.0,,,0,7,3186,34.0,,,99.3,99.3,,
498,166,2018,80.3,0.4,126,55.9,,,1,16,3736,34.0,,,99.3,99.3,,
499,167,2005,24.7,,12,0.0,51.0,62.1,3718,886,,50.0,99.7,99.7,98.8,98.8,,
500,167,2010,69.0,,32,0.0,72.5,41.1,7428,660,1700,50.0,100.0,100.0,98.3,98.2,,
501,167,2018,94.3,0.5,39,0.0,107.9,49.7,9225,848,2938,50.0,100.0,100.0,98.0,98.0,,
502,168,2005,73.5,2.6,55,64.6,462.9,9.8,1776,186,6023,27.3,99.1,83.2,100.0,100.0,0.1,
503,168,2010,83.7,3.5,64,64.0,566.7,11.6,1855,213,8798,36.4,99.7,87.9,100.0,100.0,0.12,
504,168,2018,92.7,4.2,111,63.4,587.2,11.7,2116,226,17242,36.6,99.7,87.9,100.0,100.0,0.14,
505,169,2005,14.6,0.4,27,11.0,4.9,1.3,4,24,67,23.6,96.8,77.4,87.1,63.1,,5.07
506,169,2010,32.3,0.4,27,11.8,4.9,1.2,8,22,64,23.6,96.9,79.6,87.5,65.3,,7.51
507,169,2018,71.0,0.4,35,12.4,4.9,1.2,15,21,121,23.6,96.9,81.4,87.8,67.1,,4.58
508,170,2005,21.5,0.4,63,27.8,96.5,4.4,1173,75,5839,14.8,98.1,83.2,90.7,58.4,,
509,170,2010,39.9,0.5,64,28.3,79.4,3.9,1155,73,7498,65.0,99.7,93.7,91.5,61.1,0.07,
510,170,2018,59.5,0.5,104,29.8,70.0,3.6,1116,69,10223,77.3,100.0,100.0,92.2,63.3,0.15,
511,171,2005,15.2,1.1,151,49.4,1615.1,11.2,50506,190,22201,26.8,98.5,87.6,77.3,58.6,,
512,171,2010,43.0,1.1,126,49.8,1670.5,11.7,53679,202,22281,26.8,98.7,89.6,77.1,58.7,0.03,
513,171,2018,76.4,1.1,235,49.8,1705.3,11.9,56024,208,24571,26.9,98.9,91.2,77.0,58.7,0.08,
514,172,2005,0.6,,37,15.6,0.5,0.1,63,8,113,45.7,85.9,65.9,59.6,50.4,,22.41
515,172,2010,8.0,,55,18.1,0.6,0.1,76,8,504,45.7,86.2,68.9,59.1,56.7,,18.03
516,172,2018,20.0,,62,19.5,0.8,0.1,85,8,932,45.7,86.6,71.9,58.5,62.9,,14.06
517,173,2005,28.1,,48,34.0,3.4,4.3,7,61,409,0.6,99.2,97.8,98.4,95.2,,
518,173,2010,,,104,35.2,4.2,5.0,8,70,420,45.8,99.2,97.8,98.4,95.2,,
519,173,2018,,,130,35.1,4.2,4.9,9,69,458,45.8,99.2,97.8,98.4,95.3,,
520,174,2005,15.9,,60,5.1,0.0,2.0,0,33,,0.6,,,,,,
521,174,2010,24.9,,60,5.1,0.0,2.9,0,38,,16.7,,,,,,
522,174,2018,37.6,,100,5.1,0.0,3.1,0,37,,54.8,,,,,,
523,175,2005,34.0,,19,42.3,0.2,4.0,1,67,141,29.2,98.3,98.3,87.3,87.3,,0.51
524,175,2010,63.0,,36,42.3,0.2,4.2,0,61,98,29.2,98.3,98.3,,,,1.7
525,175,2018,76.8,,52,42.3,0.2,4.2,0,60,122,29.2,98.3,98.3,,,,3.92
526,176,2005,21.6,,29,34.3,0.4,2.2,0,33,318,40.3,98.0,94.0,82.8,86.6,,1.21
527,176,2010,43.3,,46,33.8,0.4,2.3,0,33,306,46.0,98.8,94.9,83.9,89.5,,3.42
528,176,2018,46.7,,62,33.3,0.4,2.2,0,33,348,46.0,99.5,95.6,84.7,91.9,,1.12
529,177,2005,,,2,13.0,0.1,10.5,0,149,,,,,,,,
530,177,2010,,,4,12.6,0.1,11.3,0,160,,,,,,,,
531,177,2018,,,12,12.2,0.1,12.2,0,175,,,,,,,,
532,178,2005,9.2,0.1,24,66.7,0.2,2.0,0,31,96,42.7,95.1,95.1,76.1,76.1,,1.51
533,178,2010,33.7,,38,69.2,0.2,2.0,0,31,72,42.7,95.1,95.1,,,,2.52
534,178,2018,55.6,,58,69.2,0.2,1.9,0,31,79,42.7,95.1,95.1,,,,1.19
535,179,2005,3.4,,18,60.4,0.2,0.9,2,21,102,31.2,97.2,95.0,93.6,91.5,,9.95
536,179,2010,7.0,,78,60.4,0.2,1.0,2,24,122,31.2,97.4,97.7,93.4,91.2,,23.71
537,179,2018,29.4,,93,60.4,0.2,1.0,1,29,134,36.5,97.5,99.3,93.3,91.1,,11.56
538,180,2005,50.3,,,0.0,,,,,50,,,,,,,
539,180,2010,54.2,,0,0.0,,,,,120,,,,,,,
540,180,2018,49.6,,1,0.0,,,,,60,,,,,,,
541,181,2005,13.8,,61,58.3,0.1,0.5,1,13,16,0.0,91.6,80.6,33.1,18.4,,26.58
542,181,2010,18.8,,70,55.8,0.1,0.6,1,14,8,58.0,97.7,91.5,39.5,22.5,,25.35
543,181,2018,28.0,,94,55.8,0.1,0.6,1,14,29,58.0,98.9,93.6,40.8,23.3,,13.36
544,182,2005,12.7,0.0,41,0.5,397.6,16.5,24162,252,8037,21.0,96.7,96.7,99.7,99.7,,0.01
545,182,2010,41.0,0.9,103,0.5,518.5,18.4,22115,274,10850,21.0,97.0,97.0,100.0,100.0,,-0.03
546,182,2018,73.8,0.8,131,0.5,601.0,19.5,28571,354,18049,21.0,97.0,97.0,100.0,100.0,,
547,183,2005,4.8,,47,45.0,5.8,0.6,52,11,769,41.1,91.4,56.9,62.5,28.7,,8.2
548,183,2010,8.0,0.5,82,44.0,7.7,0.6,86,13,900,41.1,92.2,62.1,63.9,31.2,,7.32
549,183,2018,25.7,,123,43.0,8.9,0.6,80,11,1007,41.2,92.9,67.3,65.4,33.8,,5.17
550,184,2005,26.3,0.4,,,,,431,68,453,24.1,99.5,99.1,97.9,95.4,,4.12
551,184,2010,40.9,0.7,46,31.0,46.0,5.1,440,72,683,26.3,99.4,99.0,98.1,94.8,,1.71
552,184,2018,67.1,0.9,71,31.1,37.7,4.3,449,69,1281,30.2,99.4,98.9,98.2,94.2,,1.78
553,185,2005,25.4,0.3,84,88.4,0.7,8.3,0,115,129,19.5,95.7,95.7,98.4,98.4,,1.85
554,185,2010,41.0,,190,88.4,0.4,4.8,0,66,175,19.7,95.7,95.7,98.4,98.4,,5.89
555,185,2018,56.5,,439,88.4,0.5,5.2,0,65,303,19.7,95.7,95.7,98.4,98.4,,0.4
556,186,2005,0.2,,86,39.1,0.5,0.1,50,11,40,55.4,78.8,36.8,22.3,5.9,,21.38
557,186,2010,0.6,,131,37.8,0.7,0.1,52,10,39,69.0,81.9,42.3,22.5,6.4,,17.33
558,186,2018,11.8,,177,42.2,1.3,0.2,54,10,55,80.3,84.9,47.8,22.8,6.9,,21.11
559,187,2005,61.0,2.2,85,23.7,30.4,7.1,,189,7079,21.1,100.0,,100.0,,,
560,187,2010,71.0,2.0,277,23.3,55.6,11.0,25,218,9161,21.1,100.0,,100.0,,,
561,187,2018,81.0,2.2,293,23.1,56.4,10.2,28,220,12914,21.1,100.0,,100.0,,,
562,188,2005,,,,,,,,,468,6.4,,,,,,
563,188,2010,,,,,,,,,443,6.4,,,,,,
564,188,2018,,,51,,0.7,19.5,,305,528,6.4,,,,,,
565,189,2005,55.2,0.5,48,40.2,39.4,7.3,265,144,1515,73.1,100.0,99.8,99.4,98.2,,
566,189,2010,75.7,0.6,34,40.3,36.2,6.7,250,136,1327,76.3,100.0,100.0,99.4,98.2,0.09,
567,189,2018,80.5,1.2,54,40.3,30.7,5.6,265,125,2027,83.6,100.0,100.0,99.4,98.2,0.12,
568,190,2005,46.8,1.4,74,61.7,15.9,7.9,146,153,1555,86.1,99.8,99.4,99.1,99.1,0.11,
569,190,2010,70.0,2.1,95,61.9,15.3,7.5,157,149,1869,86.1,99.7,99.4,99.1,99.1,0.13,
570,190,2018,75.5,2.2,143,62.0,12.8,6.2,142,133,3032,88.7,99.7,99.4,99.1,99.1,0.16,
571,191,2005,0.8,,74,80.1,0.2,0.3,3,12,9,7.1,93.2,77.2,81.4,15.0,,47.69
572,191,2010,5.0,,220,79.1,0.2,0.4,3,11,20,9.5,93.2,77.2,81.4,15.0,,68.51
573,191,2018,11.0,,245,78.1,0.2,0.4,3,10,23,9.5,93.2,77.2,81.4,15.0,,15.22
574,192,2005,1.1,,64,11.4,0.6,0.1,103,13,,0.0,60.5,11.0,50.0,7.4,,
575,192,2010,1.2,,128,10.8,0.6,0.1,124,13,,0.0,69.6,8.8,52.0,6.3,,
576,192,2018,1.9,,175,10.1,0.6,0.1,129,13,,0.0,69.6,8.8,52.0,6.3,,20.42
577,193,2005,7.5,0.9,357,7.6,416.9,8.7,6648,114,7369,33.5,98.9,74.2,67.2,50.6,,0.27
578,193,2010,24.0,0.7,441,7.6,474.1,9.2,6906,122,8074,35.1,99.2,77.8,68.4,55.5,,0.28
579,193,2018,54.0,0.7,581,7.6,489.8,9.1,7049,117,10044,37.7,99.6,81.4,69.6,60.5,,0.41
580,194,2005,,,,,,,,,,30.3,,,,,,
581,194,2010,7.0,,,,,,,,,33.6,,,,,,
582,194,2018,17.9,,49,,1.5,0.1,321,2,,33.6,66.7,56.9,16.4,4.5,,21.07
583,195,2005,47.9,1.1,153,34.6,353.5,8.1,1256,136,55914,53.0,100.0,100.0,99.9,100.0,0.27,
584,195,2010,65.8,1.4,240,36.5,270.9,5.8,1419,115,52677,54.6,100.0,100.0,99.8,100.0,0.43,
585,195,2018,80.6,1.2,617,36.8,234.0,5.1,1368,106,75315,56.3,100.0,100.0,99.8,100.0,0.19,
586,196,2005,1.8,0.2,394,33.8,12.1,0.6,163,16,549,41.7,96.2,82.9,86.2,86.5,,4.83
587,196,2010,12.0,0.1,552,33.5,13.3,0.7,184,18,654,47.5,97.5,89.6,87.2,92.7,,1.03
588,196,2018,32.1,0.1,587,33.0,18.4,0.9,181,21,2051,49.8,98.5,95.0,88.1,96.7,,0.46
589,197,2005,16.0,,4,1.5,2.7,0.8,8,16,88,2.5,78.9,84.1,91.6,86.2,,19.61
590,197,2010,37.4,0.4,18,1.5,2.0,0.5,9,13,522,2.5,64.8,82.8,92.5,89.1,,26.41
591,197,2018,61.2,0.5,31,1.5,2.8,0.6,9,16,400,2.5,50.7,81.5,93.0,90.2,,16.04
592,198,2005,1.3,0.3,55,,,,,,246,9.1,,,,,,7.43
593,198,2010,16.7,,112,,,,,,495,18.6,,,,,,3.35
594,198,2018,28.0,,133,,15.4,0.4,658,16,741,25.0,,,,,,0.94
595,199,2005,6.4,,59,98.5,1.6,3.2,32,53,161,51.2,97.9,79.2,89.2,62.6,,2.62
596,199,2010,31.6,,65,98.4,2.4,4.6,43,77,205,51.2,98.0,85.8,88.6,61.7,,2.43
597,199,2018,45.4,,83,98.3,2.0,3.7,40,54,256,51.2,98.1,88.4,88.4,61.4,,0.47
598,200,2005,84.8,3.4,36,68.8,51.6,5.7,1430,237,7627,56.7,100.0,100.0,99.2,99.6,0.94,
599,200,2010,90.0,3.2,29,68.4,52.0,5.5,1364,225,,57.8,100.0,100.0,99.2,99.6,0.97,
600,200,2018,91.5,3.3,54,68.9,43.4,4.5,1408,193,19945,58.8,100.0,100.0,99.2,99.6,1.01,
601,201,2005,70.1,2.7,49,30.8,41.3,5.5,458,145,7229,28.5,100.0,100.0,99.9,99.9,0.42,
602,201,2010,83.9,2.7,45,31.3,39.0,5.0,526,139,8628,35.2,100.0,100.0,99.9,99.8,0.39,
603,201,2018,89.4,3.0,74,31.7,35.3,4.3,509,123,9205,35.2,100.0,100.0,99.9,99.8,0.46,
604,202,2005,5.6,,29,2.5,50.6,2.8,1171,40,3571,1.1,94.0,82.5,95.6,87.2,,0.25
605,202,2010,20.7,,78,2.7,61.6,3.0,1165,44,8546,1.1,92.8,85.9,96.0,92.8,,0.21
606,202,2018,31.9,,132,2.7,30.7,1.7,196,23,5070,1.1,92.3,87.2,96.2,95.1,,
607,203,2005,0.3,0.1,24,2.9,2.4,0.4,66,15,5,20.5,92.6,54.5,92.9,91.7,,11.3
608,203,2010,11.6,0.1,40,2.9,2.5,0.3,65,12,160,20.5,92.8,61.3,93.4,93.8,,6.21
609,203,2018,20.5,0.1,45,3.0,5.2,0.6,82,13,414,21.0,93.1,66.7,93.8,95.5,,4.09
610,204,2005,15.0,0.2,221,31.5,247.5,3.7,2144,61,11567,68.0,97.0,92.6,89.6,95.3,,-0.09
611,204,2010,22.4,0.2,477,31.8,281.9,4.2,2952,74,15936,71.0,97.4,95.6,89.9,96.1,0.0,-0.01
612,204,2018,47.5,0.6,611,32.1,316.2,4.7,2929,80,32530,71.7,97.6,98.0,89.9,96.1,0.05,0.06
613,205,2005,26.4,0.2,29,38.3,11.3,5.5,108,80,197,20.8,99.8,98.6,93.8,84.7,,3.7
614,205,2010,51.9,0.2,90,39.6,8.6,4.2,68,59,262,21.1,99.8,98.8,96.5,83.4,,2.1
615,205,2018,72.2,0.4,110,39.6,7.5,3.6,58,57,510,21.1,99.8,98.9,97.2,82.6,,1.61
616,206,2005,0.1,,11,53.7,0.2,0.2,201,4,,14.9,79.9,54.2,59.5,30.1,,22.16
617,206,2010,3.0,,18,49.9,0.2,0.2,186,4,40,38.7,90.8,58.7,66.3,27.7,,8.85
618,206,2018,25.2,,24,46.1,0.5,0.4,147,7,66,38.7,95.2,60.5,69.0,26.8,,7.77
619,207,2005,1.8,,32,7.1,1.3,0.3,84,18,81,75.0,86.6,40.5,24.1,4.5,,3.97
620,207,2010,3.0,0.3,54,5.3,2.6,0.4,99,20,202,97.0,89.0,42.3,24.4,3.7,,14.61
621,207,2018,11.3,0.3,80,3.5,2.6,0.4,113,20,338,97.0,91.4,44.2,24.7,2.9,,4.08
622,208,2005,,,6,0.0,,,,,,2.6,,96.2,,71.4,,
623,208,2010,,,41,0.0,,,,,,2.6,,99.1,,83.3,,
624,208,2018,,,49,0.0,,,,,,2.6,,100.0,,90.5,,
625,209,2005,4.9,,16,12.5,0.1,1.1,0,16,42,9.3,97.6,99.0,97.4,90.7,,12.12
626,209,2010,16.0,,58,12.5,0.1,1.1,0,16,47,9.3,98.8,99.3,97.5,89.7,,18.48
627,209,2018,40.0,,79,12.5,0.1,1.1,0,16,59,9.3,99.7,99.6,97.6,89.0,,20.91
628,210,2005,29.0,0.1,33,44.8,38.2,29.0,1464,516,463,40.7,94.1,94.1,91.1,91.1,,-0.01
629,210,2010,48.5,0.0,48,44.1,47.9,36.1,1786,636,388,40.7,95.0,95.0,91.4,91.4,,0.02
630,210,2018,73.3,0.1,69,45.7,46.3,34.2,1577,600,410,40.7,95.1,95.1,91.5,91.5,,
631,211,2005,9.7,0.7,36,5.9,22.7,2.3,274,35,6378,16.0,98.6,82.4,96.2,66.0,,1.2
632,211,2010,36.8,0.7,75,6.4,27.7,2.6,341,40,7828,27.2,99.6,88.4,96.9,73.7,,1.31
633,211,2018,50.9,0.6,96,6.7,28.8,2.6,260,40,5724,40.8,100.0,93.2,97.4,79.8,,1.55
634,212,2005,15.5,0.6,92,13.9,237.4,3.5,1004,52,20273,2.1,98.3,90.3,97.3,76.5,0.17,0.08
635,212,2010,39.8,0.8,150,14.6,298.0,4.1,1352,61,31364,2.2,99.7,95.9,97.8,81.0,0.13,0.14
636,212,2018,58.3,1.0,388,15.2,346.0,4.5,1314,68,30289,2.3,100.0,100.0,98.3,85.5,0.95,0.43
637,213,2005,1.0,,40,8.8,48.3,10.2,2584,170,12,14.4,89.1,34.6,77.0,49.9,,0.39
638,213,2010,3.0,,45,8.8,57.3,11.4,1982,189,8,14.6,,,,,,0.21
639,213,2018,18.0,,54,8.8,68.4,12.9,3407,216,,14.6,,,,,,0.1
640,214,2005,,,20,36.2,0.1,4.0,0,57,176,28.0,87.0,87.0,81.4,81.4,,
641,214,2010,,,34,36.2,0.2,6.1,0,84,281,28.0,,,,,,
642,214,2018,,,60,36.2,0.2,6.1,0,84,454,28.0,,,,,,
643,215,2005,5.2,,8,33.3,0.0,,,13,1,,96.9,95.3,84.0,78.3,,24.65
644,215,2010,25.0,,85,33.3,0.0,,,13,2,,98.3,97.0,86.3,80.2,,27.46
645,215,2018,46.0,,96,33.3,0.0,,0,14,2,,98.3,97.0,86.3,80.2,,44.44
646,216,2005,1.7,0.2,134,17.2,2.2,0.1,390,15,468,61.0,89.0,60.8,28.4,15.1,,13.66
647,216,2010,12.5,0.5,166,13.7,3.9,0.1,477,16,946,72.0,92.6,69.1,28.5,16.3,,8.52
648,216,2018,21.9,,196,10.4,5.2,0.1,595,17,1323,72.0,95.5,75.8,28.5,17.3,,7.0
649,217,2005,3.7,1.0,55,16.5,333.9,7.1,3328,125,17631,23.3,98.4,94.6,97.2,90.7,,0.48
650,217,2010,23.3,0.8,61,16.5,304.6,6.7,3238,120,21203,23.3,97.0,96.2,97.3,91.8,,0.49
651,217,2018,52.5,0.6,102,16.7,227.3,5.1,2552,84,13333,23.7,95.5,97.8,97.4,92.6,,1.65
652,218,2005,40.0,,23,3.7,116.1,28.5,7293,453,7126,0.0,99.6,100.0,98.0,95.2,,
653,218,2010,68.0,,48,3.8,160.8,19.3,7496,316,,13.2,99.6,100.0,98.0,95.2,0.14,
654,218,2018,90.6,0.9,56,3.9,211.4,23.2,9682,392,,30.8,99.6,100.0,98.0,95.2,1.31,
655,219,2005,70.0,1.6,55,12.5,542.6,9.0,8483,153,28039,81.7,100.0,100.0,99.1,99.6,0.47,
656,219,2010,85.0,1.7,73,12.6,493.2,7.8,6217,135,28295,83.8,100.0,100.0,99.1,99.6,0.57,
657,219,2018,94.8,1.7,102,13.0,419.8,6.5,4926,116,35814,84.4,100.0,100.0,99.1,99.6,0.7,
658,220,2005,1.1,,416,56.4,5.5,0.1,665,19,590,52.5,83.0,45.4,21.3,7.6,,9.0
659,220,2010,2.9,0.4,691,54.1,7.1,0.1,782,19,754,57.0,80.1,45.5,26.3,7.9,,9.53
660,220,2018,13.0,0.5,1082,52.0,11.6,0.2,958,20,1233,57.0,77.2,45.5,31.3,8.3,,4.96
661,221,2005,27.3,,31,53.5,,,,,594,33.1,100.0,100.0,96.4,96.4,,
662,221,2010,31.2,,33,51.9,,,,,572,34.0,100.0,100.0,96.4,96.4,,
663,221,2018,59.6,,58,50.3,,,0,1,642,39.4,100.0,100.0,96.4,96.4,,
664,222,2005,68.0,2.5,1143,33.3,5789.7,19.3,68124,325,49206,,99.5,96.7,99.9,99.6,0.23,
665,222,2010,71.7,2.7,1152,33.7,5395.5,17.2,71882,297,60010,,99.4,97.6,100.0,99.9,0.2,
666,222,2018,76.2,2.8,1513,33.9,5254.3,16.2,84007,282,75608,,99.4,98.2,100.0,100.0,0.18,
667,223,2005,20.1,0.2,50,8.7,5.8,1.7,45,38,1808,10.4,99.0,82.6,95.0,87.1,,0.1
668,223,2010,46.4,0.3,80,9.9,6.4,1.9,89,51,2353,20.7,99.6,88.3,95.8,89.8,,0.12
669,223,2018,66.4,0.3,106,10.5,6.7,2.0,126,62,3037,20.8,100.0,93.9,96.6,92.6,,0.04
670,224,2005,3.3,0.2,31,7.7,117.2,4.5,2446,79,242,11.7,98.1,81.8,99.2,96.2,,1.18
671,224,2010,15.9,0.2,50,7.7,104.2,3.7,2309,65,975,15.9,98.5,80.9,100.0,100.0,,0.58
672,224,2018,46.8,0.2,59,7.6,105.2,3.6,2344,60,1969,15.9,98.5,80.9,100.0,100.0,,0.67
673,225,2005,5.1,,29,36.1,0.1,0.3,1,8,62,6.4,96.8,77.8,59.3,46.0,,10.81
674,225,2010,8.0,,121,36.1,0.1,0.5,1,11,97,6.4,97.8,85.4,64.1,53.8,,15.96
675,225,2018,24.0,,137,36.1,0.2,0.6,1,11,95,6.4,98.9,92.9,65.1,55.4,,12.32
676,226,2005,12.6,,219,54.1,165.1,6.2,8283,103,706,67.4,94.2,74.6,94.5,61.3,,0.03
677,226,2010,37.4,,270,53.9,189.1,6.5,8139,111,526,67.4,94.7,76.6,96.4,66.7,,0.01
678,226,2018,60.0,,328,52.9,185.2,6.1,7337,79,601,67.4,95.0,77.9,97.5,69.9,,0.01
679,227,2005,12.7,0.2,289,42.2,98.1,1.2,2612,21,3477,27.2,95.5,80.4,82.6,53.4,,3.38
680,227,2010,30.6,,424,45.6,142.7,1.6,2747,26,5050,30.0,97.3,88.6,88.5,61.6,,2.64
681,227,2018,46.5,0.4,616,47.6,166.9,1.8,3043,32,10013,40.9,99.1,96.9,94.4,69.7,,1.52
682,228,2005,6.7,,13,41.5,0.0,1.9,,26,,0.0,,,,,,
683,228,2010,8.2,,74,41.6,0.0,2.1,,27,,0.0,,,,,,
684,228,2018,9.0,,89,41.6,0.0,1.6,,26,,0.0,,,,,,
685,229,2005,,,19,2.7,,,,,,,,,,,,
686,229,2010,,,39,2.7,,,,,,,,,,,,
687,229,2018,,,49,2.7,,,,,,,,,,,,
688,230,2005,1.0,,195,1.0,20.0,1.0,844,13,336,20.0,75.9,48.5,88.7,30.4,,1.96
689,230,2010,12.4,,269,1.0,23.4,1.0,804,14,1025,31.1,72.0,46.5,92.5,34.1,,2.29
690,230,2018,24.6,,298,1.0,22.7,0.9,172,5,367,31.1,72.0,46.5,92.5,34.1,,7.09
691,231,2005,2.9,0.0,39,67.7,2.3,0.2,280,27,669,46.3,86.7,40.3,56.9,32.9,,15.18
692,231,2010,10.0,0.3,67,66.5,2.7,0.2,319,25,815,48.3,86.2,45.8,56.3,34.3,,4.86
693,231,2018,25.5,,88,65.4,4.5,0.3,385,27,956,48.3,85.6,51.3,55.6,35.7,,5.1
694,232,2005,2.4,,43,44.6,10.8,0.8,379,33,1559,80.7,98.0,68.9,50.3,32.5,,6.8
695,232,2010,6.4,,55,40.4,7.8,0.6,368,28,2239,80.7,97.5,68.1,49.8,31.7,,7.54
696,232,2018,23.1,,89,36.4,12.0,0.8,449,30,2168,85.9,97.0,67.3,49.3,30.8,,4.19
