id,country_id,year,Population growth,Urban population,Urban population growth,Fertility rate,Life expectancy (females),Life expectancy (males),Population distribution (children),Population distribution (elders),Migrant,Migrant ratio,Refugees,Infant mortality,Health expenditure,Physicians ratio,Education expenditure,Primary enroll ratio (females),Primary enroll ratio (males),Secondary enroll ratio (females),Secondary enroll ratio (males),Tertiary enroll ratio (females),Tertiary enroll ratio (males),Homicide rate,Women in parliaments
1,1,2005,4.4,22.7,5.0,7.2,58.1,55.8,47.6,3.6,87.3,0.3,159.6,89.4,9.9,0.2,,74.5,126.9,9.3,28.6,0.5,1.9,,
2,1,2010,2.8,23.7,3.7,6.4,61.3,58.9,47.8,3.9,102.2,0.4,1200.0,76.7,8.6,0.2,3.5,82.7,120.6,34.3,68.6,1.4,6.1,3.4,27.3
3,1,2018,3.2,25.5,4.0,5.3,63.5,61.0,42.6,4.2,133.6,0.4,2189.2,68.6,10.3,0.3,3.2,84.3,124.0,39.7,69.6,3.6,13.0,6.3,27.7
4,2,2005,-0.3,46.7,2.0,1.9,77.8,72.2,26.5,12.3,64.7,2.1,0.1,21.1,6.3,,3.2,100.6,101.6,76.4,80.2,27.2,19.1,5.0,6.4
5,2,2010,-0.9,52.2,1.3,1.6,78.5,73.2,22.5,15.0,52.8,1.8,0.1,16.8,5.0,1.3,3.3,93.0,94.6,88.1,89.1,51.6,38.6,4.3,16.4
6,2,2018,-0.1,60.3,1.8,1.7,79.9,75.6,17.1,19.7,52.5,1.8,7.7,14.6,6.8,1.3,3.5,108.3,111.1,91.5,98.3,76.1,48.2,2.7,27.9
7,3,2005,1.3,63.8,2.6,2.4,72.9,70.1,29.1,7.0,197.4,0.6,94.4,37.3,3.2,1.0,,103.4,111.8,82.4,75.2,23.3,18.2,0.6,6.2
8,3,2010,1.6,67.5,2.8,2.7,75.2,72.6,27.2,7.8,217.0,0.6,94.4,32.6,5.1,1.2,4.3,111.4,118.9,98.7,95.3,35.3,24.4,0.7,7.7
9,3,2018,2.0,72.6,2.9,3.0,76.5,74.1,29.5,9.6,248.6,0.6,100.2,27.7,7.1,,,110.6,116.6,101.5,97.8,53.6,32.1,1.4,25.8
10,4,2005,0.5,88.1,0.4,,,,38.8,5.4,24.2,41.0,,,,,,,,,,,,10.1,
11,4,2010,-1.2,87.6,-1.3,,76.2,68.5,35.0,6.7,23.6,42.3,,,,,,,,,,,,9.0,
12,4,2018,0.0,87.2,-0.1,2.6,77.8,71.1,33.3,9.0,23.6,42.3,,9.6,,,,,,,,,,5.4,
13,5,2005,3.7,90.3,3.3,1.2,,,15.1,16.1,50.3,63.8,,,9.8,3.3,1.6,,,,,,,1.3,14.3
14,5,2010,1.4,88.8,1.0,1.2,,,14.0,18.6,52.1,61.6,,,11.6,,3.1,,,,,,,1.2,35.7
15,5,2018,-1.6,88.1,-1.7,1.2,,,14.4,19.0,41.0,53.3,,,12.0,3.7,3.3,,,,,,,1.2,32.1
16,6,2005,3.5,56.0,5.7,6.6,52.5,47.5,47.2,3.7,61.3,0.3,14.9,108.3,4.0,0.1,2.8,,,13.6,16.7,0.6,0.9,,15.0
17,6,2010,3.6,59.8,4.9,6.4,58.2,53.0,47.3,3.6,76.5,0.3,19.4,83.8,2.7,0.1,3.5,92.8,117.6,21.2,31.9,,,,38.6
18,6,2018,3.5,65.5,4.7,6.0,63.0,57.4,46.6,4.1,638.5,2.1,78.4,65.4,2.9,,,91.2,146.7,20.7,32.9,7.4,9.6,4.8,30.5
19,7,2005,2.6,100.0,2.6,1.8,81.1,76.5,27.7,10.2,4.7,37.1,,,,,,,,,,,,8.1,
20,7,2010,1.7,100.0,1.7,2.0,,,,,5.1,37.1,,,,,2.8,,,,,,,7.4,
21,7,2018,1.2,100.0,1.2,,,,23.3,7.6,5.6,37.4,0.0,,,,,,,,,,,27.7,
22,8,2005,1.3,29.2,-0.6,2.3,76.4,71.5,28.4,9.3,24.7,27.7,,12.2,4.4,,3.4,,,65.7,72.6,,,3.4,10.5
23,8,2010,1.2,26.2,-1.0,2.2,77.4,72.6,26.6,8.9,26.4,27.9,,10.0,5.5,,2.5,89.9,98.1,100.0,98.8,20.9,8.3,6.3,10.5
24,8,2018,1.1,24.6,0.1,2.1,78.2,73.3,23.6,11.3,28.6,28.1,0.0,9.1,4.8,,,85.1,90.2,94.6,92.7,29.2,14.1,10.3,11.1
25,9,2005,1.1,90.0,1.3,2.5,78.1,70.6,26.9,13.8,1673.1,4.3,3.9,15.0,6.4,3.2,3.9,116.6,117.7,98.4,89.8,75.8,52.1,,33.7
26,9,2010,1.0,90.8,1.2,2.4,79.0,71.3,25.9,14.4,1806.0,4.4,4.2,14.6,6.8,,5.0,115.9,117.5,106.6,97.1,89.2,59.1,,38.5
27,9,2018,1.0,91.9,1.2,2.3,79.8,72.2,24.7,15.6,2164.5,4.9,7.7,13.7,6.8,3.9,5.9,109.7,110.1,110.2,104.0,106.8,65.3,5.9,38.9
28,10,2005,-0.6,63.9,-0.8,1.6,75.3,69.1,21.5,14.4,469.1,15.7,219.6,27.0,7.0,,2.7,96.3,94.6,96.5,87.8,46.0,32.8,1.9,5.3
29,10,2010,-0.7,63.4,-0.9,1.7,75.8,69.4,19.5,14.8,221.6,7.7,85.8,21.0,5.3,2.8,3.2,112.8,109.2,99.0,101.2,58.0,47.6,1.9,9.2
30,10,2018,0.3,63.1,0.2,1.6,77.0,70.6,20.1,17.5,190.7,6.5,18.6,13.2,10.1,2.8,2.8,94.8,94.0,88.4,84.0,57.1,45.0,3.0,18.1
31,11,2005,1.9,44.9,1.1,1.8,76.4,71.5,21.5,12.6,32.5,32.5,,17.8,,,4.7,107.8,114.9,96.1,95.8,37.3,25.9,6.0,
32,11,2010,0.3,43.1,-0.5,1.8,77.1,72.2,20.9,15.5,34.3,33.8,0.0,16.2,,,6.7,113.0,114.5,98.3,93.5,43.9,31.1,3.9,
33,11,2018,0.5,43.4,0.5,1.8,77.8,72.9,17.7,20.4,36.4,34.5,0.0,14.8,,,6.5,115.2,118.9,112.1,110.2,21.4,9.4,1.9,
34,12,2005,1.2,84.6,1.3,1.8,82.8,77.8,19.8,17.4,4878.0,24.1,66.8,4.9,8.0,2.5,4.9,103.3,101.8,,,,,1.3,24.7
35,12,2010,1.8,85.2,1.9,2.0,83.8,79.2,19.0,18.9,5883.0,26.6,25.6,4.4,8.5,2.9,5.6,105.8,106.0,,,,,1.0,27.3
36,12,2018,1.5,86.0,1.6,1.9,84.4,80.2,19.1,21.2,7035.6,28.8,82.4,3.9,9.4,3.5,5.2,101.3,101.4,142.7,164.5,144.1,100.8,0.9,28.7
37,13,2005,0.5,58.8,0.0,1.4,81.7,75.9,16.0,22.1,1136.3,13.8,62.8,4.5,9.6,,5.2,100.8,100.9,97.8,102.8,,,0.7,33.9
38,13,2010,0.4,57.4,-0.1,1.4,82.8,77.3,14.7,23.3,1276.0,15.2,68.7,3.8,10.1,4.8,5.7,99.1,100.5,96.8,100.8,,,0.7,27.9
39,13,2018,0.6,58.3,0.7,1.4,83.5,78.4,14.1,25.5,1660.3,19.0,170.9,3.3,10.3,5.2,5.4,102.0,102.5,98.9,102.9,90.8,76.4,0.7,34.4
40,14,2005,1.0,52.4,1.4,1.9,70.3,64.6,26.2,8.5,302.2,3.5,584.3,54.2,7.4,,3.0,92.8,98.2,,,,,2.2,10.5
41,14,2010,1.1,53.4,1.5,1.8,73.4,66.9,22.8,8.1,276.9,3.1,596.9,40.7,4.9,3.6,2.8,93.2,94.2,,,19.2,19.4,2.3,11.4
42,14,2018,1.3,55.7,1.7,2.1,74.6,68.6,23.3,10.6,259.2,2.6,618.3,31.4,6.7,3.4,3.0,105.9,106.9,,,29.7,25.0,2.1,16.8
43,15,2005,2.0,82.2,2.1,1.9,76.2,70.0,25.6,9.4,45.6,13.8,,11.6,5.9,,2.8,108.4,109.9,89.1,89.4,,,15.8,20.0
44,15,2010,1.8,82.4,1.9,1.9,77.3,71.2,22.5,10.5,54.7,15.2,0.0,10.0,7.4,2.7,,109.0,106.9,95.1,90.2,,,26.1,12.2
45,15,2018,1.4,83.0,1.5,1.8,78.1,72.0,20.5,14.0,61.8,15.6,0.0,9.1,7.4,2.3,,97.9,92.9,93.1,87.9,,,28.4,12.8
46,16,2005,5.8,88.4,5.8,2.6,75.8,74.2,25.7,3.4,404.0,45.4,0.0,9.8,3.0,1.1,,97.5,94.1,101.5,91.5,39.9,13.0,0.4,0.0
47,16,2010,6.7,88.6,6.7,2.2,76.7,74.9,20.3,3.5,657.9,53.0,0.2,8.0,3.3,0.9,2.5,101.0,96.1,93.5,92.2,38.3,12.2,0.9,2.5
48,16,2018,2.0,89.3,2.1,2.1,77.5,75.6,19.2,4.9,722.6,48.4,0.4,6.9,5.2,0.9,2.7,102.2,100.1,104.3,103.4,63.0,33.7,0.5,7.5
49,17,2005,1.7,26.8,4.3,2.9,67.3,66.2,34.4,6.6,1166.7,0.8,271.2,56.0,2.8,0.3,1.9,100.8,96.3,46.9,44.0,4.2,8.1,2.5,2.0
50,17,2010,1.2,30.5,3.7,2.5,70.0,68.2,32.1,6.9,1345.5,0.9,229.3,43.3,2.7,0.4,1.9,105.5,99.2,53.0,47.2,7.8,13.1,2.6,18.6
51,17,2018,1.2,36.6,3.5,2.2,72.9,69.8,27.8,7.5,1500.9,0.9,307.5,33.3,2.6,0.5,2.5,122.1,115.2,72.5,65.6,14.2,20.3,2.5,20.3
52,18,2005,0.3,32.8,-0.3,1.8,76.0,71.4,20.7,15.5,30.6,11.2,,12.4,6.3,1.8,5.6,96.0,96.3,108.0,109.1,57.0,23.0,10.6,13.3
53,18,2010,0.4,31.9,-0.2,1.8,76.9,72.1,19.9,17.3,32.8,11.7,,11.0,6.9,,6.1,100.6,98.9,102.2,101.6,95.9,43.9,11.1,10.0
54,18,2018,0.3,31.1,-0.1,1.8,77.7,72.9,18.9,21.6,34.7,12.1,0.0,9.6,7.5,,5.1,93.2,92.0,109.6,104.7,90.6,40.3,10.9,16.7
55,19,2005,-0.6,72.4,0.0,1.3,73.6,62.3,15.6,18.6,1107.0,11.5,13.2,9.6,6.3,,5.9,96.1,99.4,,,77.8,56.8,8.6,29.4
56,19,2010,-0.3,74.7,0.3,1.4,75.2,63.6,14.8,19.1,1090.4,11.5,8.4,6.3,5.3,3.5,5.2,103.6,103.8,105.8,109.3,94.0,65.0,4.2,31.8
57,19,2018,0.0,78.6,0.7,1.6,77.7,66.5,17.0,21.8,1078.7,11.4,8.0,3.6,6.1,4.1,5.0,102.1,101.7,103.5,105.2,98.4,76.3,3.6,34.5
58,20,2005,0.5,97.4,0.6,1.7,81.4,75.3,17.2,22.1,882.0,8.4,34.6,4.2,9.0,2.0,5.8,100.2,100.7,169.1,151.1,67.9,54.5,2.1,34.7
59,20,2010,0.7,97.7,0.8,1.8,82.3,76.8,16.9,23.2,1119.3,10.2,36.9,3.8,9.9,2.9,6.4,101.8,102.0,167.3,146.9,75.9,60.0,1.7,38.0
60,20,2018,0.6,98.0,0.7,1.8,83.0,78.0,17.2,24.9,1268.4,11.1,68.9,3.5,10.5,3.0,6.6,103.1,103.2,174.7,153.6,84.7,64.8,1.9,38.0
61,21,2005,2.7,45.3,2.7,3.4,71.6,65.7,39.0,4.7,41.4,14.6,0.6,19.7,4.4,1.0,5.3,110.8,115.8,77.7,75.3,19.7,12.5,28.6,6.7
62,21,2010,2.5,45.2,2.5,2.8,72.4,67.0,35.7,5.7,46.4,14.4,0.2,17.0,5.8,0.8,6.6,110.3,114.8,78.2,72.5,26.9,16.8,40.1,0.0
63,21,2018,2.2,45.7,2.3,2.6,72.7,67.2,30.9,6.3,60.0,16.0,5.1,14.3,6.2,,7.4,111.7,117.5,87.8,86.6,30.0,18.5,37.6,9.4
64,22,2005,3.0,40.5,4.1,5.8,57.7,54.6,44.4,5.0,171.5,2.1,32.1,84.1,4.0,0.0,3.6,89.0,112.4,18.4,39.2,1.8,7.2,7.2,7.2
65,22,2010,2.8,43.1,4.1,5.5,60.0,57.1,43.8,4.9,209.3,2.3,7.3,74.5,4.1,0.1,5.0,113.2,126.9,,,7.2,20.3,6.6,10.8
66,22,2018,2.8,47.3,4.0,5.2,61.4,58.5,42.4,5.0,253.3,2.3,1.2,67.7,4.0,0.2,4.4,127.6,137.2,48.9,68.5,7.9,18.4,6.2,7.2
67,23,2005,0.3,100.0,0.3,1.8,,,18.4,16.4,18.3,28.1,,,,,2.0,101.5,96.8,85.9,76.0,,,3.1,
68,23,2010,-0.4,100.0,-0.4,1.7,82.3,76.9,17.4,18.7,18.9,29.5,,,,,2.6,100.7,93.7,85.4,72.3,40.6,19.3,10.9,
69,23,2018,-0.6,100.0,-0.6,1.5,85.1,77.5,14.8,24.9,19.0,30.9,,,,,1.5,89.4,91.3,75.5,67.7,21.3,12.7,13.0,
70,24,2005,2.7,31.0,6.7,3.1,63.1,62.7,34.9,5.7,40.3,6.1,,51.9,3.5,0.2,7.1,90.0,92.2,41.7,46.7,3.7,5.7,1.7,9.3
71,24,2010,2.1,34.8,4.4,2.6,66.7,66.3,30.6,6.2,48.4,6.7,,39.5,3.2,0.2,4.0,107.9,105.2,64.2,63.0,5.1,8.4,2.2,8.5
72,24,2018,1.6,40.9,3.7,2.2,68.9,68.6,26.2,7.5,52.3,6.5,,30.5,3.5,0.4,7.4,95.3,94.7,87.8,80.2,8.9,12.1,1.1,8.5
73,25,2005,1.8,64.2,2.6,3.8,64.3,60.0,36.6,7.8,107.7,1.2,0.5,61.2,5.0,1.2,6.4,114.4,115.5,84.3,89.6,,,5.2,19.2
74,25,2010,1.7,66.4,2.4,3.4,67.3,62.7,34.7,8.3,122.8,1.2,0.7,51.0,5.1,0.4,7.6,103.6,105.7,82.6,83.6,,,12.8,22.3
75,25,2018,1.6,69.4,2.1,3.0,70.2,65.3,31.3,9.6,148.8,1.3,0.8,42.9,6.4,0.5,7.3,96.5,98.8,85.6,87.3,,,6.3,53.1
76,26,2005,0.0,74.8,0.0,,,,,,,,,,,,,,,,,,,,
77,26,2010,7.5,74.7,7.5,,,,,,11.4,54.7,0.0,,,,,,,,,,,,
78,26,2018,3.2,74.9,3.2,,,,,,13.5,53.2,,,,,,,,,,,,,
79,27,2005,0.1,44.0,0.8,1.3,77.5,72.0,17.7,17.4,47.3,1.3,199.5,9.9,9.1,,,,,,,,,1.9,16.7
80,27,2010,-0.3,45.6,0.4,1.3,78.1,72.9,15.7,19.2,38.8,1.0,179.0,9.0,9.0,1.7,,,,,,,,1.5,19.0
81,27,2018,-1.0,48.2,-0.3,1.3,78.8,73.7,14.2,23.9,37.1,1.1,156.4,7.6,9.4,1.9,,,,,,,,1.3,21.4
82,28,2005,1.4,55.9,2.4,3.2,51.0,47.3,35.1,5.0,88.8,4.8,3.7,65.4,5.3,0.2,10.7,107.8,109.5,82.4,80.0,8.6,9.7,15.7,11.1
83,28,2010,1.6,62.4,3.8,2.9,58.5,54.4,33.0,5.3,120.9,6.0,3.3,46.5,5.6,0.3,9.6,107.4,111.4,81.9,75.0,9.1,11.1,15.0,7.9
84,28,2018,1.8,69.4,3.3,2.9,66.1,59.8,31.2,6.5,166.4,7.3,2.9,35.2,6.0,0.4,,103.5,107.2,,,27.3,19.5,,9.5
85,29,2005,1.3,82.8,1.7,2.1,75.0,67.3,27.4,8.7,638.6,0.3,7.7,28.2,8.0,1.6,4.5,129.2,137.2,106.2,96.5,29.3,22.8,23.3,8.6
86,29,2010,1.0,84.3,1.4,1.9,76.7,69.2,24.9,10.0,592.6,0.3,5.2,20.4,8.0,1.8,5.6,128.2,133.9,102.1,91.5,42.2,31.9,22.0,8.8
87,29,2018,0.9,86.6,1.2,1.8,78.4,71.0,21.4,13.1,735.6,0.4,108.0,15.8,8.9,1.9,5.9,113.8,116.8,102.2,97.2,59.3,42.4,29.5,10.7
88,30,2005,2.3,43.2,3.0,2.0,78.5,69.9,26.3,7.4,15.0,64.8,,,,,,,,,,,,17.7,
89,30,2010,3.2,44.8,4.0,,,,22.3,9.7,17.1,62.7,0.0,,,,4.4,,,,,,,8.4,
90,30,2018,2.0,47.7,2.8,,,,,,20.0,64.0,0.0,,,,6.3,,,,,,,,
91,31,2005,1.8,73.2,2.4,2.0,77.4,74.2,27.8,4.8,98.4,27.0,,8.2,2.2,1.1,3.7,108.4,112.8,95.8,97.3,19.4,9.7,0.5,
92,31,2010,1.2,75.0,1.7,1.8,78.4,75.1,26.0,5.4,100.6,25.9,21.0,6.5,2.3,1.4,2.0,106.3,106.8,99.5,98.9,20.4,10.9,0.3,
93,31,2018,1.4,77.6,1.9,1.9,78.4,75.1,22.6,8.5,108.6,25.3,20.5,6.5,2.6,1.7,4.4,106.2,107.1,94.0,92.8,38.3,23.8,0.5,9.1
94,32,2005,-0.8,70.6,-0.3,1.2,75.8,68.8,13.6,23.1,61.1,0.8,5.2,12.7,6.9,,4.1,102.8,103.8,87.3,91.0,48.9,42.1,2.6,26.3
95,32,2010,-0.7,72.3,-0.3,1.4,76.7,69.7,13.3,25.3,76.3,1.0,6.9,9.5,7.1,3.8,3.9,108.3,108.7,88.2,92.1,66.1,50.0,2.0,20.8
96,32,2018,-0.6,75.0,-0.2,1.5,77.8,70.8,14.4,27.9,153.8,2.2,27.7,8.3,8.2,4.0,4.1,94.3,95.3,98.3,101.4,79.3,63.7,1.1,23.8
97,33,2005,2.9,21.5,6.7,6.4,52.6,50.5,46.5,4.1,597.0,4.4,1.3,90.0,4.4,0.1,4.4,51.8,64.6,11.8,16.7,1.4,3.2,0.5,11.7
98,33,2010,3.0,24.6,5.7,6.1,55.8,54.6,46.2,3.9,673.9,4.3,1.1,77.6,5.9,0.0,3.9,74.3,81.6,18.9,24.8,2.3,4.8,0.6,15.3
99,33,2018,3.0,29.4,5.2,5.6,59.3,58.0,44.9,3.9,708.9,3.7,34.2,64.8,5.4,0.0,4.2,90.1,92.1,34.9,36.7,3.8,7.3,0.4,11.0
100,34,2005,3.0,9.4,5.5,6.8,53.7,50.3,45.7,4.2,172.9,2.3,53.6,94.6,9.4,0.0,3.6,75.4,89.7,11.2,15.8,1.4,3.7,,18.4
101,34,2010,3.3,10.6,5.9,6.5,55.4,52.0,44.1,4.0,235.3,2.7,200.8,86.2,11.3,,6.8,137.0,141.8,19.5,28.7,2.3,4.6,4.0,31.4
102,34,2018,3.0,13.0,5.6,6.0,58.0,54.2,45.1,4.4,299.6,2.8,186.9,77.8,8.2,,5.4,131.3,130.5,47.6,49.2,2.5,8.3,6.0,36.4
103,35,2005,1.7,57.7,3.3,3.4,72.8,69.5,38.1,7.2,12.7,2.7,0.0,25.0,4.8,,7.5,110.1,114.7,75.3,66.7,7.8,7.3,9.3,11.1
104,35,2010,1.1,61.8,2.5,2.9,73.4,69.9,34.0,6.7,14.4,2.9,,23.5,4.5,0.6,5.6,99.0,106.1,94.0,79.1,20.2,15.7,7.8,18.1
105,35,2018,1.2,65.7,2.0,2.5,74.0,70.1,29.8,7.0,15.3,2.8,0.1,22.5,4.8,0.8,5.4,93.4,99.9,88.4,80.7,26.0,17.9,11.5,23.6
106,36,2005,1.8,19.2,2.4,3.4,63.0,58.5,37.1,5.3,114.0,0.9,0.4,65.9,7.1,0.2,1.7,126.0,135.6,25.7,36.7,2.1,4.7,3.4,9.8
107,36,2010,1.5,20.3,2.6,3.1,67.4,62.7,33.3,5.9,82.0,0.6,0.2,45.0,6.9,0.2,1.5,120.2,127.4,41.6,48.7,10.5,17.7,2.3,21.1
108,36,2018,1.6,23.4,3.4,2.7,69.6,65.5,31.2,7.2,76.3,0.5,0.1,29.9,6.0,0.1,1.9,108.8,111.6,,,11.8,14.4,1.8,20.3
109,37,2005,2.6,48.5,3.9,5.4,52.3,50.6,44.0,5.0,258.7,1.5,66.3,88.5,4.5,0.1,2.9,96.6,115.1,24.5,31.0,4.7,7.2,6.1,8.9
110,37,2010,2.7,51.6,3.9,5.2,55.4,53.4,43.5,4.9,289.1,1.4,106.7,77.2,5.0,0.1,3.0,102.8,118.9,37.9,45.2,10.3,12.6,5.0,13.9
111,37,2018,2.7,56.4,3.8,5.0,57.7,55.1,42.5,4.8,540.3,2.2,553.4,67.5,5.1,,2.8,112.9,125.3,57.1,66.4,15.5,19.3,4.2,31.1
112,38,2005,1.0,80.1,1.1,1.5,82.1,77.2,17.7,17.9,6079.0,18.8,167.7,5.3,9.1,1.9,4.8,96.6,97.4,99.8,102.1,,,2.1,21.1
113,38,2010,1.1,80.9,1.3,1.6,83.0,78.4,16.5,20.0,6761.2,19.8,216.6,5.1,10.6,2.0,5.4,98.9,98.4,101.1,103.5,,,1.6,22.1
114,38,2018,1.0,81.4,1.1,1.6,83.8,79.7,16.1,24.0,7861.2,21.5,134.5,4.7,10.4,2.5,5.3,101.5,101.4,113.9,112.2,,,1.7,27.0
115,39,2005,3.1,100.0,3.1,,,,,,21.7,44.5,,,,,,,,,,,,6.2,
116,39,2010,2.6,100.0,2.6,1.6,83.8,76.3,18.1,8.6,24.1,43.3,0.0,,,,,,,,,,,16.2,
117,39,2018,1.5,100.0,1.5,,,,18.3,6.7,24.4,39.6,0.1,,,,,,,,,,,8.4,
118,40,2005,1.9,38.1,2.1,5.4,44.9,42.5,42.2,5.7,94.4,2.3,28.7,113.4,4.5,0.1,1.6,52.3,76.0,8.1,15.5,0.6,3.1,,7.3
119,40,2010,1.5,38.9,1.9,5.3,47.4,44.6,42.5,5.5,93.5,2.1,215.3,105.9,3.8,0.0,1.2,74.2,104.3,9.7,17.5,1.3,4.0,,9.6
120,40,2018,0.4,41.4,1.1,5.1,51.0,47.8,42.8,5.5,88.8,1.9,649.6,93.5,4.8,,1.2,91.5,120.0,12.0,18.8,1.6,4.3,19.8,8.6
121,41,2005,3.8,21.8,3.9,7.2,48.5,46.8,49.1,4.2,352.1,3.5,275.5,110.8,4.9,0.0,1.7,58.0,85.5,8.1,23.2,0.2,2.7,10.7,6.5
122,41,2010,3.3,22.0,3.5,6.9,49.7,48.0,48.6,4.0,416.9,3.5,533.0,105.2,4.1,0.0,2.0,69.8,94.9,13.4,31.7,0.6,3.6,9.7,5.2
123,41,2018,3.3,23.1,3.8,6.3,52.8,50.5,46.9,4.0,489.7,3.3,563.7,91.2,4.6,0.0,2.9,77.0,99.0,14.3,31.0,1.1,5.7,9.0,12.8
124,42,2005,0.7,30.7,0.9,1.4,80.5,76.0,16.3,20.4,70.9,46.0,,10.3,,,,,,,,,,0.6,
125,42,2010,0.7,31.1,0.9,1.4,81.7,77.5,15.3,21.7,77.6,48.6,,8.7,,,,,,,,,,0.0,
126,42,2018,0.5,30.9,0.5,1.5,82.4,78.7,14.5,25.0,83.1,50.3,,7.9,,,,,,,,,,,
127,43,2005,1.1,86.8,1.3,2.0,80.3,74.3,24.6,11.8,273.4,1.7,0.9,8.4,6.6,1.0,3.3,104.3,109.2,96.0,94.8,47.7,49.7,3.6,12.5
128,43,2010,1.0,87.1,1.1,1.9,80.8,75.3,22.5,13.2,369.4,2.2,1.9,7.8,6.8,1.0,4.2,99.9,102.8,94.3,91.4,71.5,66.2,3.2,14.2
129,43,2018,0.9,87.6,1.0,1.8,81.3,76.2,20.1,16.5,488.6,2.7,6.9,7.4,8.1,,4.9,98.4,101.2,100.2,99.1,96.4,84.5,3.5,15.8
130,44,2005,0.6,42.5,4.0,1.6,74.7,71.7,19.9,11.0,678.9,0.1,301.1,25.3,4.3,1.1,,118.6,119.2,60.0,63.6,17.9,19.8,1.6,20.2
131,44,2010,0.6,49.2,3.5,1.6,76.3,73.2,17.8,12.6,849.9,0.1,301.1,16.7,4.5,1.5,,106.6,108.2,88.0,88.1,24.8,23.3,1.0,21.3
132,44,2018,0.5,59.2,2.9,1.6,77.2,74.2,17.6,16.6,999.5,0.1,318.0,11.6,5.3,3.6,,101.2,100.6,95.9,94.2,53.3,44.2,0.6,24.2
133,45,2005,0.5,100.0,0.5,1.0,84.4,78.5,14.4,15.6,2721.2,39.9,3.0,2.5,,,4.1,,,81.9,81.3,33.3,33.0,0.5,
134,45,2010,0.6,100.0,0.6,1.0,85.5,79.5,11.9,18.4,2780.0,39.6,0.6,1.9,,,3.5,,,87.1,87.5,58.9,59.2,0.5,
135,45,2018,0.6,100.0,0.6,1.2,86.4,80.5,11.9,24.3,2883.1,39.1,0.1,1.6,,,3.3,106.0,108.3,100.9,104.4,76.6,67.2,0.4,
136,46,2005,2.4,100.0,2.4,0.8,83.6,78.2,16.9,9.6,279.3,57.9,,4.9,,,2.3,96.6,102.8,83.2,89.3,44.2,65.7,0.8,
137,46,2010,2.1,100.0,2.1,0.9,84.9,79.1,12.7,11.0,318.5,59.3,0.0,3.8,,,2.6,94.8,96.6,86.2,89.0,54.0,56.0,0.4,
138,46,2018,2.3,100.0,2.3,1.2,86.2,80.3,13.8,17.0,353.7,56.8,0.0,3.0,,,3.0,105.1,106.5,99.1,99.5,89.4,67.3,0.2,
139,47,2005,1.4,76.0,1.9,2.3,75.4,68.0,28.9,7.6,107.6,0.2,2000.2,20.5,5.5,1.5,4.0,126.2,128.7,87.7,79.3,30.4,28.0,41.8,12.0
140,47,2010,1.2,78.0,1.7,2.1,76.6,69.2,26.4,9.0,124.3,0.3,3672.4,19.0,6.1,1.6,4.8,123.1,125.4,106.9,97.3,41.3,37.6,33.7,8.4
141,47,2018,1.0,80.8,1.4,1.9,77.4,70.2,23.1,12.1,142.3,0.3,7524.8,17.9,6.2,1.8,4.5,112.2,115.7,101.2,95.2,63.1,54.4,25.5,18.7
142,48,2005,2.4,27.9,2.3,5.2,61.2,58.0,42.3,4.6,13.2,2.2,0.0,72.6,10.1,0.2,3.9,101.6,114.5,38.0,49.8,2.7,3.5,9.5,3.0
143,48,2010,2.4,28.0,2.5,4.9,62.5,59.3,41.0,4.5,12.6,1.8,,66.7,8.7,,7.7,104.1,113.0,,,4.9,6.6,8.5,3.0
144,48,2018,2.4,29.0,2.7,4.6,64.5,61.2,39.5,5.0,12.6,1.5,,58.1,8.0,,4.3,101.2,108.6,63.1,59.1,8.0,9.9,7.7,6.1
145,49,2005,2.8,61.0,3.6,5.1,53.1,51.1,41.6,5.2,315.2,8.5,77.6,81.1,1.9,0.2,1.8,103.5,111.4,40.7,48.2,2.1,5.3,10.6,8.5
146,49,2010,3.3,63.3,4.0,5.0,59.2,56.7,41.7,5.0,419.6,9.6,138.7,61.0,2.0,0.1,6.2,103.8,110.0,,,2.2,10.3,9.9,7.3
147,49,2018,2.6,66.9,3.3,4.9,64.1,61.0,42.1,5.2,398.9,7.6,138.7,46.5,3.4,,,107.8,100.6,48.4,55.8,8.0,10.6,9.3,11.3
148,50,2005,1.7,71.0,3.4,,74.0,68.0,30.0,10.6,3.3,16.6,,,4.2,1.0,,113.0,110.2,84.9,75.1,,,,
149,50,2010,-1.2,73.3,-0.6,,76.2,69.5,26.1,11.9,3.8,20.3,,,3.5,1.2,,103.6,104.6,88.1,80.7,,,,
150,50,2018,-1.2,75.1,-0.9,2.6,79.6,71.7,26.9,14.2,4.2,24.2,,3.6,2.7,,4.7,105.2,111.7,90.1,84.9,50.1,41.2,3.5,
151,51,2005,1.6,65.7,3.7,2.2,80.2,75.5,27.4,9.4,358.2,8.4,11.5,10.9,6.7,1.3,4.9,111.5,114.4,86.2,82.6,30.2,24.5,7.9,35.1
152,51,2010,1.4,71.7,3.1,2.0,80.8,76.1,24.6,11.1,405.4,8.9,19.9,10.0,8.1,,6.6,115.8,118.1,104.3,100.1,,,11.6,36.8
153,51,2018,1.1,79.3,2.5,1.9,81.7,76.7,21.4,14.1,414.2,8.4,10.2,9.3,8.1,1.2,7.1,110.3,109.7,129.5,122.8,59.8,48.4,11.9,35.1
154,52,2005,-0.2,54.3,0.1,1.4,78.4,71.4,15.7,21.9,579.3,13.2,10.9,6.5,6.9,,3.8,103.4,103.3,94.8,91.7,49.2,40.5,1.6,21.7
155,52,2010,-0.2,55.2,0.1,1.5,79.5,72.6,15.4,23.8,573.2,13.2,25.5,5.7,8.1,2.9,4.3,92.0,91.9,103.4,96.5,62.1,46.3,1.4,23.5
156,52,2018,-0.4,56.9,-0.1,1.5,80.4,73.6,14.7,27.2,560.5,13.4,13.4,3.9,7.4,3.1,4.6,95.8,95.0,100.0,95.6,78.5,57.0,1.0,18.5
157,53,2005,0.2,76.1,0.5,1.6,79.1,75.3,19.4,15.2,17.0,0.2,0.7,6.1,,6.3,10.6,96.8,99.7,93.1,91.6,78.8,46.6,6.1,36.0
158,53,2010,0.1,76.6,0.2,1.6,80.7,76.6,17.4,17.0,14.8,0.1,0.4,5.7,,6.8,12.8,102.2,104.0,91.4,90.8,119.2,72.4,4.5,43.2
159,53,2018,0.2,77.0,0.3,1.7,81.3,77.1,15.9,20.5,13.1,0.1,0.3,5.5,,7.5,,97.9,103.8,102.2,98.6,40.1,28.4,5.0,48.9
160,54,2005,-0.4,90.5,-0.5,2.1,78.6,71.2,21.1,17.2,,,,14.7,,,,,,,,,,20.1,
161,54,2010,2.6,89.9,2.5,2.0,79.4,72.6,19.9,18.8,34.6,23.5,0.0,13.0,,,,,,,,,,19.2,
162,54,2018,1.4,89.1,1.2,2.1,80.7,74.5,18.5,23.4,38.4,23.9,0.2,10.3,,,4.9,169.2,176.3,91.1,84.1,29.6,13.0,,
163,55,2005,1.7,68.3,1.6,1.6,80.4,76.2,20.0,14.9,117.2,11.4,13.8,5.6,5.3,,6.2,100.8,100.9,97.5,95.7,35.3,31.2,1.9,16.1
164,55,2010,1.6,67.6,1.4,1.5,81.1,76.8,17.8,16.1,188.5,16.9,8.8,4.4,6.3,2.2,6.6,101.6,101.6,92.0,90.9,45.6,50.9,0.7,12.5
165,55,2018,0.9,66.8,0.7,1.4,82.2,77.7,16.8,18.9,189.0,16.0,19.0,4.2,6.8,2.5,6.1,99.3,99.3,99.4,100.1,69.4,51.1,1.1,17.9
166,56,2005,-0.1,73.6,-0.2,1.2,78.8,72.2,14.7,19.8,322.5,3.1,2.7,3.9,6.4,,3.9,98.5,99.9,96.6,94.8,52.0,44.8,1.1,17.0
167,56,2010,0.5,73.3,0.4,1.4,80.1,73.8,14.2,22.4,398.5,3.8,3.5,3.1,6.9,3.6,4.1,103.6,104.0,94.9,94.4,74.9,53.6,1.0,15.5
168,56,2018,0.1,73.8,0.2,1.5,81.2,75.1,15.5,25.8,433.3,4.1,6.0,2.5,7.3,3.7,4.0,99.7,99.3,105.6,104.6,75.7,53.8,0.6,22.0
169,57,2005,1.9,45.2,2.8,5.7,47.6,45.9,44.1,4.6,2010.8,11.0,115.1,91.6,5.4,0.1,4.1,63.5,79.3,,,,,14.7,8.5
170,57,2010,2.1,47.3,3.0,5.4,50.0,48.5,43.7,4.7,2095.2,10.3,564.5,84.6,6.1,0.1,4.6,64.8,79.4,,,5.4,10.4,12.6,8.9
171,57,2018,2.5,50.8,3.4,5.1,53.2,50.4,42.3,4.8,2197.2,9.0,700.2,71.6,5.4,,4.8,91.3,102.1,38.8,53.3,7.2,10.8,11.6,10.6
172,58,2005,0.8,59.8,1.0,2.0,71.5,64.2,24.7,11.9,40.1,0.2,,28.5,,3.2,,,,,,,,5.0,20.1
173,58,2010,0.6,60.4,0.8,2.0,71.8,64.8,22.8,12.9,44.0,0.2,,27.3,,3.3,,99.4,99.4,102.1,102.1,20.6,40.8,4.8,15.6
174,58,2018,0.5,61.9,0.8,2.0,74.1,67.2,20.4,14.1,48.9,0.2,,18.5,,3.5,,,,93.5,92.5,19.9,36.0,4.4,16.3
175,59,2005,3.0,37.5,4.3,6.7,53.3,50.4,45.8,4.7,622.9,1.1,251.9,99.5,3.0,,,59.1,74.9,,,,,14.6,12.0
176,59,2010,3.3,40.0,4.6,6.6,56.9,54.0,46.1,4.7,589.0,0.9,2363.9,83.9,4.0,0.1,1.6,93.1,107.0,30.1,52.2,3.2,10.3,14.3,8.4
177,59,2018,3.3,44.5,4.6,6.4,59.5,56.7,46.2,4.7,879.2,1.1,4533.4,73.2,4.3,,2.3,107.6,108.4,36.0,56.3,4.3,9.5,13.5,8.9
178,60,2005,0.3,85.9,0.5,1.8,79.6,75.0,18.7,21.2,440.4,8.1,45.5,4.5,9.1,3.2,8.1,98.7,98.8,126.5,121.9,93.4,67.7,1.0,38.0
179,60,2010,0.5,86.8,0.7,1.9,80.8,76.4,17.9,23.3,509.7,9.2,24.5,3.7,10.4,3.6,8.6,99.7,99.5,120.0,119.0,87.4,60.4,0.8,38.0
180,60,2018,0.5,87.9,0.6,1.7,82.2,78.1,16.4,25.6,656.8,11.5,47.1,3.5,10.3,3.7,7.6,101.2,102.4,131.0,127.3,94.0,68.8,1.0,37.4
181,61,2005,1.8,76.8,1.8,4.2,58.8,55.8,37.9,5.2,92.1,11.8,18.1,68.1,4.5,0.2,8.4,39.4,47.8,18.3,27.4,1.9,2.7,8.1,10.8
182,61,2010,1.7,77.0,1.7,3.6,60.5,57.6,34.8,5.8,101.6,11.9,15.8,63.4,4.3,0.2,4.5,53.0,58.9,28.4,38.5,2.8,4.1,7.4,13.8
183,61,2018,1.7,77.8,1.8,3.1,63.2,60.0,30.6,6.6,116.1,12.1,27.2,55.3,4.4,0.2,,60.2,67.5,40.1,48.1,4.0,6.0,6.5,10.8
184,62,2005,0.3,66.6,0.7,3.0,,,29.0,13.2,4.7,6.7,,,4.6,1.8,,99.4,99.4,111.7,103.3,,,11.3,19.4
185,62,2010,0.2,68.1,0.7,,78.2,73.8,29.5,13.3,5.8,8.1,,,5.1,,,107.6,110.0,101.4,92.8,,,21.0,14.3
186,62,2018,0.5,70.5,0.9,,,,,,6.8,9.2,,,5.4,,3.4,110.5,114.1,99.8,101.2,,,8.4,25.0
187,63,2005,1.5,67.4,3.3,2.8,74.4,68.1,33.2,8.0,376.0,4.1,,34.9,4.6,1.8,1.9,103.3,108.6,76.0,63.6,40.7,25.9,25.9,17.3
188,63,2010,1.4,73.8,3.2,2.7,75.4,69.2,31.4,8.7,393.7,4.0,2.4,29.6,5.6,1.1,2.0,100.5,114.1,80.6,71.5,,,25.0,19.7
189,63,2018,1.2,81.1,2.5,2.5,76.4,70.2,29.0,10.5,425.0,3.9,1.4,25.1,6.2,1.5,,97.7,105.7,80.7,73.7,68.2,38.0,15.2,26.8
190,64,2005,1.7,61.7,2.1,2.9,76.8,70.6,32.7,8.0,187.4,1.4,262.6,27.1,5.6,1.5,1.2,111.5,112.0,62.2,61.5,,,15.4,16.0
191,64,2010,1.7,62.7,2.0,2.7,77.5,71.7,30.7,8.7,325.4,2.2,171.1,23.4,7.5,1.6,4.5,116.0,115.7,91.0,86.6,41.5,36.0,17.6,32.3
192,64,2018,1.6,63.8,1.8,2.6,78.4,72.8,28.2,10.7,399.1,2.4,121.6,21.1,8.5,1.7,5.0,104.7,103.7,108.6,105.6,49.0,42.2,5.9,38.0
193,65,2005,1.9,43.0,2.0,3.2,71.4,66.6,33.3,7.1,274.0,0.4,100.2,29.4,5.2,2.4,4.8,94.2,99.4,76.8,81.0,26.8,31.8,0.7,2.9
194,65,2010,1.8,43.0,1.8,3.0,72.2,67.6,32.1,7.5,295.7,0.4,109.9,23.5,4.4,2.8,3.8,102.0,105.1,68.2,70.1,28.9,31.5,2.2,1.8
195,65,2018,2.2,42.7,2.1,3.4,73.0,68.7,33.3,8.0,478.3,0.5,278.4,18.9,4.2,0.8,,103.7,103.6,85.2,86.7,34.8,34.0,2.5,14.9
196,66,2005,0.5,61.6,1.5,2.7,74.1,65.0,34.8,9.1,36.0,0.6,0.1,23.6,7.2,1.7,2.7,116.6,120.7,68.0,68.0,24.3,21.8,64.4,10.7
197,66,2010,0.4,65.5,1.6,2.4,75.6,66.4,31.6,10.0,40.3,0.7,0.1,20.7,6.9,1.9,3.5,112.8,118.1,69.2,69.6,27.5,24.9,64.7,19.0
198,66,2018,0.5,72.0,1.7,2.2,77.1,67.9,27.1,11.8,42.3,0.7,3.4,17.0,6.9,,3.5,98.2,102.2,74.2,74.3,29.6,26.4,82.8,32.1
199,67,2005,4.2,57.7,7.4,5.7,54.9,52.3,39.5,5.3,6.6,0.9,,89.7,0.8,0.3,,87.7,90.8,22.0,29.8,1.2,2.4,2.9,18.0
200,67,2010,4.6,65.9,7.2,5.4,56.2,53.8,38.4,4.8,8.7,0.9,,80.4,1.5,,,68.4,69.4,,,,,2.6,10.0
201,67,2018,4.2,72.1,5.6,5.0,58.4,55.5,37.0,4.4,221.9,17.5,,70.0,2.7,,,61.3,61.8,,,,,2.3,20.0
202,68,2005,3.1,31.1,6.3,5.1,58.8,54.7,41.0,5.5,14.3,0.4,6.0,59.4,5.3,0.1,3.1,68.2,84.1,23.0,38.4,0.3,1.9,9.6,22.0
203,68,2010,2.0,35.2,4.5,4.8,62.7,58.7,41.6,5.5,15.7,0.4,5.0,51.7,3.7,,2.1,48.7,57.1,32.0,41.8,1.4,3.7,8.9,22.0
204,68,2018,2.0,40.1,3.6,4.4,65.6,61.4,41.5,5.3,16.0,0.3,2.4,45.0,3.3,,,50.0,58.0,30.4,35.8,1.9,2.7,8.0,22.0
205,69,2005,-0.6,68.7,-0.8,1.4,77.1,66.0,15.2,21.9,233.7,17.2,136.0,7.3,5.0,4.4,4.8,97.6,100.2,104.7,101.0,85.8,50.9,8.3,18.8
206,69,2010,-0.4,68.1,-0.5,1.7,79.0,68.3,15.1,23.2,217.9,16.4,101.0,4.7,6.3,3.2,5.5,102.3,103.8,105.3,105.3,85.9,51.6,5.3,22.8
207,69,2018,-0.3,68.9,-0.2,1.6,81.2,71.8,16.6,26.2,193.0,14.7,81.8,3.2,6.5,3.4,5.5,97.0,96.9,110.7,111.1,87.4,57.6,3.2,26.7
208,70,2005,0.8,22.0,0.2,4.0,47.6,44.2,42.1,4.6,27.1,2.5,1.0,86.6,5.9,0.2,6.5,99.1,106.2,47.5,46.9,4.9,4.6,13.7,10.8
209,70,2010,1.7,22.5,2.1,3.8,50.2,46.5,39.5,4.7,30.5,2.5,0.8,75.8,8.2,0.1,6.1,107.9,118.2,57.7,58.2,4.4,4.5,17.3,13.6
210,70,2018,1.8,23.8,2.6,3.3,58.2,51.6,37.0,4.9,33.3,2.4,1.2,56.3,7.0,,7.1,102.9,112.8,66.8,67.3,5.5,5.3,,6.2
211,71,2005,2.8,15.7,4.1,6.1,55.0,52.3,46.2,4.9,514.2,0.7,105.1,78.0,4.1,0.0,3.6,71.9,86.0,18.5,30.8,1.3,4.2,9.4,7.7
212,71,2010,2.7,17.3,4.6,5.3,60.6,57.6,44.5,5.1,567.7,0.6,155.4,59.9,5.5,0.0,4.5,88.1,95.4,31.5,38.0,4.4,10.2,8.5,21.9
213,71,2018,2.6,20.8,4.9,4.6,65.5,61.9,40.0,5.3,1227.1,1.2,843.8,45.8,4.0,,4.5,97.0,106.8,34.4,35.8,5.3,10.9,7.6,38.8
214,72,2005,0.4,70.8,1.3,,,,15.0,12.0,1.2,39.7,,,,,,,,,,,,,
215,72,2010,-0.6,73.7,0.2,,,,15.9,14.0,1.4,50.4,,,,,,,,,,,,,
216,72,2018,0.3,77.7,1.0,,,,16.4,15.7,1.6,54.3,,,,,,,,,,,,,
217,73,2005,0.4,39.8,2.2,2.6,,,,,4.6,9.5,,,,,,,,,,,,,
218,73,2010,0.1,40.9,0.7,2.5,82.3,76.8,22.0,19.3,5.1,10.5,,,,,,,,,,,,,
219,73,2018,0.2,42.1,0.5,2.4,84.5,78.3,21.0,22.5,5.7,11.6,,,,,,,,,,,,,
220,74,2005,0.3,49.9,1.1,3.0,70.7,65.5,30.5,6.9,12.4,1.5,,19.0,3.5,0.5,5.1,111.8,113.4,93.9,88.0,17.6,14.7,2.8,8.5
221,74,2010,0.9,52.2,1.8,2.8,71.9,66.1,29.0,7.9,13.4,1.6,0.0,17.9,3.6,0.4,4.5,104.3,105.9,90.9,83.1,,,2.3,8.5
222,74,2018,0.7,56.2,1.7,2.6,72.9,66.9,28.3,10.3,13.9,1.5,0.0,16.0,3.6,0.8,3.9,105.1,106.0,93.4,84.3,,,2.3,16.0
223,75,2005,0.3,82.9,0.4,1.8,81.7,74.9,17.3,21.5,192.2,3.7,12.7,3.2,8.0,3.2,6.0,98.0,98.8,114.3,109.3,100.5,83.3,2.3,37.5
224,75,2010,0.4,83.8,0.6,1.8,82.9,76.1,16.5,24.8,248.1,4.6,14.0,2.7,8.9,3.0,6.5,99.2,99.8,110.1,105.2,103.1,84.3,2.2,40.0
225,75,2018,0.4,85.4,0.8,1.8,83.7,77.7,16.5,28.1,343.6,6.2,26.1,2.3,9.4,3.2,7.2,100.2,100.6,159.7,145.0,94.5,79.8,1.4,42.0
226,76,2005,0.5,77.1,0.9,1.9,83.1,75.8,18.4,20.9,6737.6,11.0,179.5,4.3,10.2,,5.5,108.2,109.6,114.1,113.7,62.4,48.5,1.6,12.2
227,76,2010,0.6,78.4,0.9,2.0,84.3,77.4,18.4,23.1,7196.5,11.4,250.4,3.7,10.7,3.7,5.7,107.8,109.0,112.8,112.0,65.0,51.0,1.3,18.9
228,76,2018,0.4,80.4,0.8,2.0,85.0,78.8,18.0,26.1,7902.8,12.2,378.1,3.4,11.1,3.2,5.5,107.2,107.5,111.6,110.6,72.8,58.1,1.4,39.0
229,77,2005,4.5,81.1,5.0,3.7,80.1,72.8,36.1,5.7,86.5,42.4,,13.6,,,,,,,,,,22.1,
230,77,2010,2.8,82.9,3.2,3.6,81.4,75.0,35.3,6.5,96.3,41.1,,10.6,,,,,,,,,,13.2,
231,77,2018,2.8,85.3,3.1,3.5,82.6,76.1,32.8,8.7,111.7,39.5,,9.3,,,,,,,,,,,
232,78,2005,1.4,57.4,1.9,2.4,76.0,70.6,27.7,8.0,32.3,12.7,,9.4,,,,,,,,,,,
233,78,2010,1.0,60.3,2.0,2.2,77.4,72.8,25.2,9.3,31.6,11.8,,8.8,,,,,,,,,,0.4,
234,78,2018,0.7,61.8,1.2,2.1,78.6,74.0,22.9,12.4,30.7,10.8,,6.9,,,,,,,,,,,
235,79,2005,2.6,82.5,3.5,4.4,59.8,58.3,39.0,7.7,214.1,15.3,13.7,58.1,2.8,0.3,3.8,138.5,139.5,,,6.1,10.5,11.0,9.2
236,79,2010,3.1,85.5,3.9,4.2,61.8,60.8,37.0,7.0,244.0,14.9,13.2,49.3,2.5,,3.1,,,,,,,8.7,14.7
237,79,2018,3.3,89.4,3.9,4.0,65.8,63.1,35.9,6.3,280.2,13.8,1.1,40.8,2.7,0.4,2.7,136.6,140.8,,,,,8.0,17.1
238,80,2005,3.2,52.0,4.8,5.9,58.1,55.9,46.3,4.0,181.9,12.6,8.0,59.4,4.9,0.1,1.1,91.5,88.7,,,0.4,1.9,9.8,13.2
239,80,2010,3.2,55.7,4.5,5.8,60.2,57.6,46.3,3.7,185.8,11.0,8.5,52.4,5.7,0.1,4.2,84.9,82.6,55.7,58.5,1.8,2.6,9.8,7.5
240,80,2018,3.1,61.3,4.4,5.6,61.6,59.1,45.1,3.8,205.1,9.8,8.0,49.8,6.7,0.1,2.8,101.0,93.3,,,2.5,3.7,9.1,10.3
241,81,2005,-1.0,53.6,-0.7,1.6,76.1,68.9,19.5,18.2,72.3,1.6,238.6,29.0,8.3,,2.5,88.6,90.8,79.1,80.8,47.0,44.9,9.0,9.4
242,81,2010,-1.2,55.5,-0.5,1.8,76.5,68.6,18.0,18.8,73.0,1.7,362.2,20.2,9.5,4.3,3.2,102.2,101.4,86.4,89.9,32.8,25.7,4.4,5.1
243,81,2018,-1.4,58.6,-0.7,2.0,77.0,68.5,19.4,21.1,78.2,2.0,278.8,11.2,7.9,4.8,3.8,102.8,102.4,105.5,103.2,55.7,48.3,1.0,16.0
244,82,2005,0.0,76.0,0.3,1.4,81.5,75.6,14.4,24.9,9402.4,11.5,784.0,4.2,10.3,,,102.9,103.1,100.8,103.3,,,1.1,32.8
245,82,2010,-0.2,77.0,0.1,1.4,82.4,77.0,13.6,26.1,9812.3,12.1,670.6,3.7,11.0,3.8,4.9,102.8,103.1,101.2,106.4,,,1.0,32.8
246,82,2018,0.2,77.3,0.3,1.4,82.9,77.9,13.1,28.4,12165.1,14.8,1337.1,3.4,11.2,4.2,4.9,102.1,102.7,98.6,103.4,65.6,66.9,1.2,30.7
247,83,2005,2.6,47.3,4.1,4.6,58.3,56.7,40.6,5.2,304.4,1.4,60.2,60.9,6.3,0.2,7.4,86.9,90.4,37.2,44.9,4.1,7.7,1.8,10.9
248,83,2010,2.6,50.7,4.0,4.4,60.9,59.2,39.6,5.4,337.0,1.4,14.8,55.4,6.5,0.1,5.5,100.8,102.7,46.3,52.8,6.7,11.4,1.7,8.3
249,83,2018,2.4,56.1,3.6,4.2,62.6,60.7,38.3,5.4,417.6,1.4,13.4,46.5,5.9,,6.2,105.5,104.1,59.6,61.2,13.4,18.7,1.7,12.7
250,84,2005,0.6,100.0,0.6,,83.3,78.5,18.4,20.5,9.2,28.7,,,,,,,,,,,,,
251,84,2010,0.7,100.0,0.7,,,,,,10.4,31.2,,,,,,,,,,,,3.0,
252,84,2018,0.6,100.0,0.6,,,,18.1,22.4,11.2,32.3,,,,,,,,,,,,,
253,85,2005,0.3,74.5,0.8,1.3,81.9,76.4,15.1,22.5,1190.7,10.5,14.3,4.6,9.0,,4.0,94.3,96.4,95.8,100.4,90.0,80.8,1.2,14.0
254,85,2010,0.3,76.3,0.7,1.5,82.8,77.3,14.9,24.0,1321.1,11.5,57.4,3.5,9.6,6.2,,94.7,96.4,99.0,105.4,103.7,100.0,1.5,17.3
255,85,2018,-0.4,79.1,0.1,1.3,83.3,78.0,14.1,26.9,1220.4,10.9,80.3,3.3,8.4,6.3,,94.6,95.5,95.9,102.6,116.9,118.0,0.8,18.3
256,86,2005,0.3,82.9,0.6,2.3,,,25.0,9.6,6.7,11.7,,,,,,,,,,,,17.6,
257,86,2010,-0.1,84.4,0.3,2.3,71.0,65.7,22.6,10.9,6.2,11.0,,,,,,,,,,,,19.4,
258,86,2018,-0.1,86.8,0.3,2.0,73.6,69.1,21.0,13.2,6.0,10.6,,,,,,,,,,,,5.3,
259,87,2005,0.3,35.9,0.4,2.4,73.2,68.5,30.0,9.9,6.9,6.7,,12.0,5.3,0.6,3.9,95.5,98.4,98.7,96.9,,,10.7,26.7
260,87,2010,0.3,35.9,0.3,2.3,74.4,69.6,27.5,9.6,7.0,6.7,0.0,10.2,6.1,0.7,,101.5,105.1,109.4,106.2,60.9,44.9,9.6,13.3
261,87,2018,0.4,36.3,0.5,2.2,75.6,70.8,26.3,10.7,7.1,6.6,0.0,9.6,5.0,,10.3,99.6,103.1,102.5,98.8,102.7,80.3,10.2,33.3
262,88,2005,0.7,98.4,0.7,2.1,81.4,74.2,23.8,15.6,89.1,20.3,,8.7,,,,,,,,,,5.2,
263,88,2010,0.5,98.4,0.5,2.1,82.9,75.7,22.0,19.3,94.9,21.1,,7.0,,,,,,,,,,8.0,
264,88,2018,0.0,98.5,0.0,2.0,84.0,76.8,18.2,24.3,99.4,22.1,,5.8,,,,,,,,,,,
265,89,2005,0.4,93.6,0.5,2.7,78.5,73.6,29.5,9.2,74.7,47.2,,13.5,,,,,,,,,,4.4,
266,89,2010,0.1,94.1,0.2,2.5,80.3,74.7,27.5,11.1,75.4,47.3,,11.4,,,,,,,,,,1.9,
267,89,2018,0.3,94.8,0.4,2.4,81.5,76.4,24.4,14.4,78.0,47.5,,9.6,,,,,,,,,,2.5,
268,90,2005,2.3,46.9,3.0,4.3,72.1,65.7,42.3,5.9,57.3,0.4,0.4,37.3,6.6,,,106.3,113.3,47.1,51.0,7.5,10.2,40.8,8.2
269,90,2010,2.2,48.4,2.8,3.6,73.7,67.2,39.4,6.1,66.4,0.5,0.1,31.3,6.4,0.9,2.8,114.3,116.6,60.2,63.9,17.1,16.6,40.7,12.0
270,90,2018,2.1,51.1,2.7,3.2,75.6,69.2,34.4,7.0,81.5,0.5,22.0,26.9,5.7,,2.8,99.1,102.4,61.8,65.2,23.1,19.5,27.3,12.7
271,91,2005,1.9,32.3,2.8,5.9,51.3,51.3,44.0,5.1,229.6,2.4,97.0,95.2,4.5,0.1,1.8,70.2,87.6,19.3,38.8,1.1,4.7,10.1,19.3
272,91,2010,2.2,33.7,3.0,5.5,56.4,54.5,43.5,4.9,178.0,1.6,15.0,77.7,4.4,,2.5,77.5,94.1,25.1,43.4,5.2,15.6,9.4,19.3
273,91,2018,2.3,36.1,3.1,5.1,58.4,57.4,42.0,5.2,122.8,1.0,5.2,65.7,4.5,0.1,2.4,86.1,101.7,31.9,48.6,6.9,15.5,8.8,21.9
274,92,2005,2.1,38.2,3.1,5.6,53.3,52.0,43.6,4.5,20.7,1.5,7.8,101.0,6.3,0.1,,58.9,87.8,12.4,22.8,,,11.7,14.0
275,92,2010,2.4,40.1,3.4,5.2,55.6,52.8,42.3,4.6,21.1,1.4,8.0,91.1,6.2,0.1,1.9,114.1,122.1,,,,,10.5,10.0
276,92,2018,2.6,43.4,3.6,4.9,57.7,54.3,41.3,5.0,23.4,1.3,9.4,80.4,6.9,,2.1,,,,,,,9.5,13.7
277,93,2005,-0.1,27.8,-0.7,2.9,68.1,62.6,36.2,6.0,10.9,1.4,,36.5,5.4,0.5,8.1,100.2,99.9,86.6,83.9,15.9,7.4,18.9,30.8
278,93,2010,-0.1,26.6,-1.0,2.7,68.4,63.4,32.7,7.2,13.1,1.8,0.0,34.4,4.6,0.2,3.6,96.7,96.7,92.8,87.2,16.6,6.9,18.8,30.0
279,93,2018,0.6,26.6,0.4,2.6,68.6,64.0,28.6,8.9,15.5,2.0,0.0,33.2,4.5,,3.2,97.1,95.1,100.9,96.6,15.6,7.6,18.4,31.9
280,94,2005,1.6,42.6,5.2,4.0,60.1,56.5,38.0,6.4,30.5,0.3,,56.0,5.5,,,,,,,,,,3.6
281,94,2010,1.5,47.5,3.7,3.5,62.3,58.2,35.9,6.5,35.1,0.4,0.0,52.2,10.2,,,,,,,,,6.8,4.1
282,94,2018,1.4,55.3,3.3,3.1,64.4,60.2,32.6,7.4,40.5,0.4,2.7,46.9,6.9,,,,,,,,,10.0,2.5
283,95,2005,0.3,100.0,0.3,,,,,,0.8,100.0,,,,,,,,,,,,,
284,95,2010,0.0,100.0,-0.1,,,,,,0.8,100.0,,,,,,,,,,,,0.0,
285,95,2018,0.0,100.0,0.2,,,,,,0.8,100.0,,,,,,,,,,,,0.0,
286,96,2005,2.4,48.6,3.8,3.8,73.4,68.6,39.9,5.5,27.9,0.4,0.1,31.2,7.2,0.4,,105.4,105.5,,,19.0,13.2,43.6,5.5
287,96,2010,2.1,51.9,3.4,3.2,74.5,69.6,36.6,5.8,27.3,0.3,0.0,29.4,8.2,,,104.9,105.2,75.3,61.3,20.8,18.0,76.1,18.0
288,96,2018,1.8,57.1,3.0,2.6,75.4,70.4,31.0,7.1,38.7,0.4,175.6,27.8,7.6,,5.9,95.8,96.6,69.6,59.8,23.7,17.4,56.5,21.1
289,97,2005,-0.3,66.4,0.3,1.3,76.7,68.3,15.5,21.4,366.8,3.6,8.9,7.4,8.0,3.2,5.3,97.1,99.1,95.8,96.7,77.5,53.0,1.6,9.1
290,97,2010,-0.3,68.9,0.4,1.3,77.8,69.6,14.9,22.1,436.6,4.4,5.8,5.7,7.6,2.9,4.8,100.5,101.2,96.4,97.7,73.8,54.1,1.4,11.1
291,97,2018,-0.3,71.4,0.2,1.3,78.8,71.7,14.3,26.3,503.8,5.2,6.0,4.9,7.2,3.1,4.6,101.7,102.0,102.3,102.3,53.5,42.8,2.1,10.1
292,98,2005,1.0,93.0,1.1,2.0,82.6,78.8,22.2,15.8,25.5,8.6,0.4,2.5,9.2,3.6,7.4,95.7,98.0,112.1,110.5,92.5,48.1,1.0,30.2
293,98,2010,1.6,93.6,1.8,2.1,83.2,79.6,20.8,16.9,35.1,11.0,0.2,2.0,8.8,3.6,7.2,99.6,99.0,108.2,106.5,101.5,56.8,0.6,42.9
294,98,2018,0.6,93.8,0.6,2.0,83.8,80.6,20.0,20.6,41.9,12.5,0.8,1.6,8.6,3.8,7.8,98.6,98.7,119.6,118.6,98.0,54.7,0.3,38.1
295,99,2005,1.7,29.2,2.8,3.1,64.4,62.7,32.8,7.3,5923.6,0.5,142.4,59.9,3.8,0.6,3.2,101.5,104.3,48.7,59.2,8.8,12.5,3.9,8.3
296,99,2010,1.5,30.9,2.6,2.8,66.5,64.7,30.9,7.8,5436.0,0.4,193.7,49.8,3.3,0.7,3.4,110.4,108.1,60.9,65.5,15.0,20.6,3.8,10.8
297,99,2018,1.2,34.0,2.4,2.4,69.1,66.2,27.4,9.6,5188.6,0.4,206.5,41.3,3.9,0.8,3.8,123.9,106.1,75.8,74.6,27.0,26.9,3.2,11.8
298,100,2005,1.4,45.9,3.2,2.5,68.5,64.9,30.0,7.4,289.6,0.1,0.4,36.5,2.8,0.1,2.7,106.1,109.5,59.8,60.4,14.7,18.5,0.6,11.3
299,100,2010,1.3,49.9,3.0,2.5,69.8,65.6,29.0,7.4,305.4,0.1,2.9,29.7,3.5,0.1,2.8,112.2,108.0,75.0,74.1,21.8,24.2,0.4,18.0
300,100,2018,1.2,55.3,2.6,2.4,70.7,66.6,27.0,8.9,345.9,0.1,14.1,25.0,3.3,0.2,3.6,101.4,105.4,87.7,84.5,29.5,26.5,0.5,19.8
301,101,2005,1.3,67.6,2.3,2.0,72.3,70.0,26.1,6.8,2568.9,3.6,1319.4,25.0,6.0,0.9,4.1,98.2,100.7,74.1,76.9,23.5,22.2,2.9,4.1
302,101,2010,1.1,70.6,2.0,1.8,74.6,71.0,23.5,7.1,2761.6,3.7,1085.3,18.9,7.8,,3.7,104.8,105.7,80.6,82.2,42.2,42.7,3.0,2.8
303,101,2018,1.2,74.9,2.0,1.7,76.2,74.0,23.7,9.1,2699.2,3.3,978.8,14.8,7.6,1.5,3.4,111.6,105.8,89.1,88.8,65.5,72.0,2.5,5.9
304,102,2005,2.7,68.8,2.8,4.7,71.0,66.9,42.0,5.1,132.9,0.5,1578.2,34.7,2.9,,,95.2,113.1,38.2,56.7,11.9,20.0,,6.4
305,102,2010,2.6,69.1,2.7,4.6,71.2,65.1,41.7,4.8,117.4,0.4,1796.3,33.3,3.3,0.6,,98.7,117.0,45.6,61.0,,,8.7,25.5
306,102,2018,3.2,70.5,3.4,4.6,71.4,67.0,40.2,5.0,366.6,1.0,4927.1,32.1,3.4,0.9,,,,,,,,9.9,25.3
307,103,2005,1.8,60.5,2.3,2.0,80.4,75.3,20.2,14.8,589.0,14.0,9.5,5.2,7.6,,4.5,106.2,106.8,114.5,104.5,60.6,47.9,1.2,13.3
308,103,2010,1.9,61.5,2.2,2.0,82.0,77.4,20.7,16.1,730.5,15.8,14.2,3.7,10.5,,6.0,106.9,106.4,126.1,120.6,66.5,59.5,1.1,13.9
309,103,2018,0.3,63.2,0.6,2.0,83.0,78.7,21.5,19.4,806.5,16.9,11.0,3.4,7.8,3.0,4.9,100.8,100.8,127.7,124.7,86.3,80.8,0.8,22.2
310,104,2005,1.0,51.9,1.0,,,,17.3,22.1,41.5,54.5,,,,,,,,,,,,,
311,104,2010,1.0,52.0,1.0,,,,16.4,24.1,43.4,54.3,,,,,,,,,,,,,
312,104,2018,0.8,52.6,0.9,,,,16.0,26.9,45.9,54.4,,,,,,,,,,,,0.0,
313,105,2005,1.9,91.5,1.9,2.9,81.6,77.4,27.9,13.2,1889.5,28.6,1.5,5.0,7.1,,5.8,103.8,103.3,104.4,105.0,66.4,50.1,2.5,15.0
314,105,2010,2.3,91.8,2.4,2.9,82.8,79.0,27.3,14.9,1950.6,26.3,31.1,4.0,7.1,3.4,5.5,104.5,104.0,103.3,100.9,70.7,54.5,2.0,19.2
315,105,2018,1.6,92.4,1.7,3.0,83.7,80.0,27.8,16.3,1962.1,23.6,63.7,3.4,7.4,3.6,5.7,104.1,103.2,105.0,103.2,75.2,53.7,1.4,27.5
316,106,2005,0.5,67.7,0.7,1.3,83.1,77.3,14.1,25.1,3954.8,6.7,21.6,4.1,8.4,,4.2,100.7,101.8,97.8,98.5,74.2,54.2,1.0,11.5
317,106,2010,0.3,68.3,0.5,1.4,84.1,78.8,14.0,26.9,5787.9,9.7,61.3,3.4,9.0,,4.4,101.4,102.4,101.3,102.7,78.0,54.7,0.9,21.3
318,106,2018,-0.1,70.4,0.3,1.4,84.7,79.9,13.4,29.8,5907.5,10.0,292.9,3.0,9.0,4.0,4.1,100.8,101.6,102.0,104.3,72.7,53.6,0.7,31.0
319,107,2005,0.6,52.8,1.0,2.4,75.6,70.0,30.1,10.8,24.3,0.9,,20.0,4.1,0.8,4.6,96.4,96.1,92.4,87.1,25.5,11.7,61.0,11.7
320,107,2010,0.5,53.7,0.9,2.3,76.8,71.6,27.0,11.6,23.7,0.8,0.0,17.9,5.4,0.4,6.4,,,95.5,88.2,37.8,16.4,51.4,13.3
321,107,2018,0.4,55.7,0.8,2.1,77.9,73.1,22.6,13.9,23.3,0.8,0.0,15.0,5.9,0.5,5.4,,,86.3,82.0,34.2,19.8,47.0,17.5
322,108,2005,0.1,86.0,1.9,1.3,85.2,78.3,13.8,26.3,2012.9,1.6,4.2,3.0,7.8,2.1,3.4,100.6,100.1,98.5,97.9,51.1,57.3,0.5,7.1
323,108,2010,0.0,90.8,1.1,1.3,86.0,79.2,13.4,30.3,2134.2,1.7,7.0,2.6,9.2,2.2,3.6,101.8,101.4,100.8,100.1,54.8,61.2,0.4,11.3
324,108,2018,-0.1,91.6,0.0,1.4,86.4,80.0,12.8,33.6,2321.5,1.8,27.8,2.2,10.9,2.4,3.6,99.0,98.6,102.5,101.8,61.3,65.1,0.3,10.1
325,109,2005,2.3,79.5,2.6,3.9,73.8,70.8,37.8,5.3,2325.4,40.7,17.9,22.4,8.9,2.4,,100.0,99.0,86.3,83.8,39.0,35.9,1.2,5.5
326,109,2010,4.6,86.1,6.2,3.7,74.6,71.5,37.0,5.4,2723.0,37.9,453.2,19.7,8.1,2.5,,,,82.5,79.4,39.7,34.9,1.6,6.4
327,109,2018,4.9,91.0,5.8,3.6,75.5,72.2,35.2,5.8,3233.6,33.3,733.1,17.1,6.3,3.4,3.9,,,71.3,68.9,37.5,35.0,1.5,15.4
328,110,2005,0.6,56.5,0.8,2.0,70.4,59.1,24.5,10.1,3103.0,20.0,57.9,32.0,4.0,,2.3,101.4,101.5,95.2,90.3,34.4,28.9,13.6,10.4
329,110,2010,1.1,56.8,1.2,2.5,71.9,60.6,24.0,9.9,3334.6,20.3,12.7,23.9,4.2,3.5,3.1,108.3,107.7,97.7,97.2,51.1,40.3,8.5,17.8
330,110,2018,1.6,57.4,1.7,2.7,73.9,64.3,28.3,11.3,3635.2,20.0,8.0,14.1,3.9,3.3,3.0,108.8,107.1,113.6,112.6,55.5,43.9,4.8,27.1
331,111,2005,2.7,21.7,4.4,5.0,54.5,51.0,43.8,3.7,756.9,2.1,268.2,62.2,5.1,0.1,7.3,99.4,103.5,46.6,48.8,2.2,3.7,3.0,7.1
332,111,2010,2.7,23.6,4.4,4.6,61.3,58.1,43.2,3.8,927.0,2.2,751.0,49.4,6.4,0.2,5.5,105.2,107.4,54.9,60.7,3.3,4.7,4.7,9.8
333,111,2018,2.7,27.0,4.4,4.1,67.8,63.0,40.1,4.3,1078.6,2.2,504.5,39.4,5.2,0.2,5.3,105.5,105.1,,,,,4.9,21.8
334,112,2005,1.8,43.6,2.1,4.0,67.5,61.6,36.9,5.4,2.5,2.7,,51.6,11.5,,12.0,112.8,111.2,95.3,83.1,,,4.7,4.8
335,112,2010,2.1,47.4,3.8,3.9,68.1,62.0,36.1,5.4,2.9,2.8,,49.3,9.4,0.3,,113.7,108.0,91.5,82.9,,,3.9,4.3
336,112,2018,1.8,54.1,3.5,3.8,68.9,62.4,35.3,6.5,3.0,2.6,,46.9,7.6,0.2,,106.4,103.7,,,,,7.5,6.5
337,113,2005,2.1,100.0,2.3,2.6,74.4,72.6,26.0,3.6,1333.3,58.6,102.7,10.2,2.4,,4.7,106.4,102.7,114.2,104.4,28.1,12.2,1.8,0.0
338,113,2010,5.5,100.0,5.5,2.4,74.8,73.0,23.2,3.4,1871.5,62.4,96.5,9.6,2.8,2.4,3.8,101.5,103.0,99.0,96.8,,,2.0,7.7
339,113,2018,5.4,100.0,5.4,2.0,75.5,73.5,21.2,5.3,3123.4,75.5,94.7,8.4,4.0,2.6,,102.7,98.8,101.4,94.0,42.7,23.0,1.8,3.1
340,114,2005,0.6,35.3,0.6,2.5,71.0,63.0,31.0,7.1,312.9,6.2,103.1,37.8,7.5,,4.9,98.1,99.6,86.8,86.4,47.5,37.8,8.3,10.0
341,114,2010,1.3,35.3,1.3,2.8,71.7,63.5,29.9,6.4,231.5,4.3,304.2,30.3,7.1,1.9,5.8,99.0,99.8,87.3,87.7,47.7,36.6,19.8,25.6
342,114,2018,1.6,36.4,1.8,3.1,74.3,66.4,32.1,7.8,200.3,3.3,2.7,19.6,8.2,1.9,6.0,105.8,106.9,97.6,97.5,51.6,40.4,4.5,19.2
343,115,2005,1.5,27.2,5.8,3.9,61.7,59.0,40.3,5.5,20.4,0.4,,69.2,4.8,0.3,2.4,104.6,119.6,37.4,49.5,6.4,9.1,9.6,22.9
344,115,2010,1.6,30.1,3.7,3.4,64.5,61.8,36.3,5.6,32.5,0.5,,56.7,3.2,0.2,1.7,118.7,128.6,42.4,51.1,14.4,18.8,8.0,25.2
345,115,2018,1.3,35.0,3.2,2.9,66.8,63.9,32.5,6.4,45.5,0.7,,47.3,2.8,0.5,2.9,108.3,112.6,64.0,68.9,17.2,17.2,7.0,27.5
346,116,2005,-1.1,68.0,-1.2,1.3,76.2,65.2,14.7,22.5,376.7,16.7,418.7,9.9,8.9,3.7,4.9,91.8,96.0,99.5,99.5,97.8,54.9,5.6,21.0
347,116,2010,-1.2,67.8,-1.3,1.5,77.0,66.0,14.1,23.6,313.8,14.8,327.0,7.8,8.6,3.1,5.1,108.7,108.7,94.6,97.0,85.9,48.8,3.3,22.0
348,116,2018,-1.2,68.1,-1.2,1.5,78.7,68.8,15.6,26.6,256.9,13.2,243.4,6.5,5.8,3.2,5.3,98.0,98.8,111.7,112.8,83.2,53.9,3.4,16.0
349,117,2005,4.2,86.6,4.3,2.0,77.4,73.9,27.9,10.7,756.8,19.0,3.0,13.8,7.6,3.4,2.7,99.0,107.8,80.8,80.2,45.2,43.0,,2.3
350,117,2010,1.7,87.3,1.8,1.6,79.7,76.0,23.7,11.9,820.7,18.9,9.5,10.6,7.5,2.7,1.6,100.0,109.5,76.0,74.5,49.3,47.4,3.8,3.1
351,117,2018,6.0,88.6,6.2,1.7,80.9,77.3,22.6,12.3,1939.2,31.9,1021.0,9.2,7.4,2.4,2.5,85.1,93.2,60.1,59.9,45.8,39.6,4.0,3.1
352,118,2005,0.8,22.2,3.4,3.8,46.4,44.6,39.4,6.3,6.3,0.3,,86.8,5.3,0.0,12.1,117.0,117.2,44.4,34.5,4.2,3.1,,11.7
353,118,2010,0.9,24.8,3.1,3.4,50.2,47.6,37.3,6.6,6.4,0.3,,74.1,6.2,,11.4,109.0,111.8,59.7,42.3,4.3,3.4,37.4,24.2
354,118,2018,1.3,28.2,2.9,3.3,54.7,50.1,35.3,6.7,6.7,0.3,0.1,59.8,8.4,,,102.1,105.7,60.2,44.5,10.9,7.3,41.2,22.1
355,119,2005,2.5,46.1,3.2,5.7,53.2,51.6,43.3,4.9,87.2,2.7,508.8,96.9,8.5,0.0,,95.7,129.9,29.7,40.8,13.8,25.0,,5.3
356,119,2010,3.8,47.8,4.6,5.2,59.0,57.2,43.3,4.8,99.1,2.5,26.6,71.8,10.0,0.0,3.2,94.4,105.3,,,6.5,12.1,3.3,12.5
357,119,2018,2.6,51.2,3.4,4.8,61.6,59.8,41.5,4.9,98.6,2.1,13.8,59.0,15.2,,2.8,89.3,98.7,32.6,42.0,9.0,14.3,3.2,9.9
358,120,2005,1.6,77.1,1.7,2.6,72.8,69.1,30.1,5.9,625.2,10.8,12.4,27.2,2.6,1.2,,101.7,102.8,100.8,84.5,63.6,57.5,3.7,
359,120,2010,1.3,78.1,1.5,2.4,74.4,69.5,28.4,6.0,684.0,11.1,11.2,24.3,3.4,1.9,,107.0,111.5,106.0,90.2,,,3.1,7.7
360,120,2018,0.2,80.1,0.5,2.4,74.4,68.8,27.9,6.8,788.4,12.4,341.9,24.3,5.0,2.1,,,,,,,,2.5,16.0
361,121,2005,0.9,14.7,0.4,1.5,,,17.5,16.8,18.9,54.2,0.2,,,,2.4,108.5,109.9,103.9,117.2,13.3,35.7,0.0,12.0
362,121,2010,0.7,14.5,0.3,1.4,,,16.0,20.1,22.3,62.1,0.1,,,,2.0,102.3,108.6,100.0,117.6,27.4,44.3,2.8,24.0
363,121,2018,0.8,14.3,0.5,1.5,,,14.9,22.7,24.7,65.1,0.3,,,,2.6,103.4,107.5,101.9,130.3,24.8,45.3,0.0,12.0
364,122,2005,-0.9,66.6,-1.0,1.3,77.5,65.7,16.8,21.1,201.2,6.0,9.3,7.7,5.6,,4.9,94.2,94.6,102.7,103.7,98.0,62.9,11.1,22.0
365,122,2010,-1.4,66.8,-1.3,1.4,77.8,66.0,14.8,22.4,160.8,5.1,4.6,6.0,6.8,3.9,5.3,99.7,100.9,100.3,102.2,103.2,68.7,7.0,19.1
366,122,2018,-1.3,67.7,-1.1,1.6,79.3,68.5,15.0,25.7,124.7,4.3,4.7,4.4,6.5,4.4,4.5,101.3,101.4,100.7,105.6,77.5,55.2,5.2,21.3
367,123,2005,1.0,86.6,1.5,1.7,81.4,75.1,18.6,19.0,150.6,32.9,1.9,5.0,7.2,,3.6,100.9,100.7,97.9,92.9,13.3,11.1,0.9,23.3
368,123,2010,2.1,88.5,2.5,1.6,82.2,76.7,17.6,19.0,248.9,49.0,4.1,2.3,7.0,2.8,,98.1,97.1,102.9,99.9,19.2,17.3,2.0,20.0
369,123,2018,2.2,91.0,2.6,1.5,83.4,78.8,16.5,19.9,264.1,45.3,4.3,3.4,6.0,2.9,4.0,98.6,98.6,103.9,100.1,20.8,18.7,0.7,28.3
370,124,2005,3.0,28.8,4.2,5.3,61.3,58.8,44.7,4.4,26.1,0.1,,58.0,5.5,0.2,3.8,135.8,142.0,21.0,21.9,2.5,2.8,10.0,6.9
371,124,2010,2.9,31.9,4.9,4.8,63.7,60.8,43.5,4.3,28.9,0.1,0.0,45.5,5.4,0.2,3.2,142.4,145.0,29.7,31.6,3.5,3.8,9.2,7.9
372,124,2018,2.7,37.2,4.7,4.4,66.0,63.0,40.7,4.9,33.8,0.1,0.1,36.8,5.2,0.1,2.1,144.0,143.7,38.2,38.4,4.6,5.0,7.7,19.2
373,125,2005,2.7,15.1,3.3,6.0,48.9,45.7,46.7,4.4,221.7,1.7,9.6,99.1,6.1,0.0,3.2,125.1,123.5,23.8,29.6,0.3,0.6,1.5,14.0
374,125,2010,3.0,15.5,3.7,5.7,55.2,51.5,46.2,4.5,217.7,1.4,15.2,79.7,7.2,0.0,3.5,134.6,131.5,30.3,33.8,0.5,0.8,3.4,20.8
375,125,2018,2.9,16.9,3.9,4.9,63.1,58.2,43.7,4.2,237.1,1.3,32.4,66.5,9.3,,4.7,141.3,137.2,35.3,39.5,0.6,0.9,1.7,16.7
376,126,2005,2.0,66.6,3.5,2.5,75.4,71.2,30.5,7.1,1722.3,6.7,106.1,6.8,2.9,0.7,5.9,100.0,100.0,,,,,2.4,9.1
377,126,2010,1.8,70.9,3.1,2.2,76.1,71.6,27.9,7.9,2406.0,8.6,212.9,6.8,3.3,1.2,5.0,100.7,99.8,,,,,1.9,9.9
378,126,2018,1.8,76.0,2.7,2.1,77.1,72.6,24.0,10.0,2703.6,8.5,238.2,6.5,4.0,1.5,4.8,103.8,103.1,87.9,82.6,48.3,40.3,2.1,10.4
379,127,2005,2.6,33.8,6.5,2.6,73.9,71.1,31.6,6.3,45.0,14.1,,26.7,8.8,1.0,5.0,117.0,121.1,74.6,64.0,0.3,0.1,1.3,12.0
380,127,2010,2.7,36.4,4.2,2.3,76.8,74.6,25.5,6.0,54.7,15.0,,14.8,9.3,1.6,4.1,105.4,109.3,,,13.4,9.5,1.6,6.5
381,127,2018,2.8,39.8,3.9,2.2,77.4,75.4,23.4,6.6,67.0,15.4,,9.0,11.5,3.6,4.3,101.7,101.4,,,20.5,9.9,0.8,5.9
382,128,2005,3.1,32.1,5.5,6.8,50.6,49.3,46.9,4.6,256.8,2.0,13.1,106.6,5.0,0.1,3.5,64.8,82.5,19.6,31.8,1.4,2.8,12.7,10.2
383,128,2010,3.3,36.0,5.6,6.7,54.6,53.4,47.5,4.2,336.6,2.2,15.3,89.1,4.4,0.1,3.3,76.8,89.6,31.9,46.4,3.6,8.6,12.2,10.2
384,128,2018,2.9,42.4,5.0,6.4,56.9,55.6,47.5,3.9,383.7,2.1,83.9,78.5,5.8,,3.8,72.2,81.8,36.6,49.1,3.2,7.7,10.9,8.8
385,129,2005,0.5,93.6,0.8,1.5,80.2,76.8,17.7,18.8,24.6,6.0,2.1,6.9,8.7,,4.5,95.7,98.0,100.3,104.5,37.3,27.5,1.0,9.2
386,129,2010,0.5,94.1,0.5,1.4,81.1,77.7,15.2,22.9,33.0,7.9,7.4,5.8,8.2,3.1,6.5,99.3,98.7,98.0,109.7,42.7,31.6,1.0,8.7
387,129,2018,0.5,94.6,0.6,1.4,82.0,78.6,14.5,26.6,45.5,10.6,9.6,4.8,9.6,3.9,7.2,106.6,102.6,97.8,93.8,56.8,41.5,0.9,11.9
388,130,2005,0.0,71.1,0.7,,70.6,67.0,40.6,3.6,2.4,4.6,,,26.3,,12.2,129.9,103.0,75.7,75.6,18.3,14.2,,3.0
389,130,2010,0.1,73.6,0.8,,,,40.9,4.5,3.1,5.9,,,19.3,0.6,,107.9,107.4,104.4,101.4,,,,3.0
390,130,2018,0.2,77.0,0.8,4.1,72.5,71.3,39.0,5.5,3.3,6.2,,25.4,22.1,0.5,,90.0,88.6,76.5,69.8,41.2,44.6,,9.1
391,131,2005,0.5,89.3,0.4,1.9,82.2,75.5,21.1,18.0,57.0,14.4,,8.5,,,,,,,,,,4.8,
392,131,2010,-0.1,89.0,-0.2,2.1,83.2,76.7,19.6,20.6,59.6,15.1,,7.6,,,,,,,,,,2.8,
393,131,2018,-0.5,89.0,-0.5,2.0,84.4,77.8,17.6,26.4,61.6,16.0,,6.4,,,,,,,,,,,
394,132,2005,2.9,42.1,4.9,5.3,61.9,58.6,42.1,4.8,58.1,1.9,30.2,75.6,4.5,0.1,2.5,91.9,89.4,20.7,23.6,1.5,4.3,12.4,3.7
395,132,2010,2.8,46.6,4.9,5.1,62.8,59.8,41.2,4.8,84.7,2.3,27.0,72.4,3.3,0.1,3.6,98.3,94.2,18.6,21.8,2.5,6.2,10.9,22.1
396,132,2018,2.9,53.7,4.8,4.9,64.1,61.2,39.7,5.1,168.4,3.8,79.7,68.0,4.6,,2.6,96.8,91.0,31.1,32.0,3.5,6.9,9.9,25.2
397,133,2005,0.6,42.1,0.3,1.9,75.4,68.8,24.7,9.6,19.6,1.6,,13.4,3.7,1.1,4.2,103.1,103.3,87.6,89.7,21.7,21.0,3.0,5.7
398,133,2010,0.4,41.6,0.2,1.7,76.2,69.4,21.9,12.1,24.8,2.0,,13.2,4.7,1.2,3.6,103.1,102.5,91.3,87.2,36.9,30.5,2.6,17.1
399,133,2018,0.2,40.8,-0.1,1.5,77.7,70.7,17.9,17.2,28.7,2.3,0.0,12.0,5.5,2.0,5.1,103.4,101.6,96.0,90.8,43.8,34.0,1.8,11.6
400,134,2005,3.4,50.2,4.4,4.8,80.6,73.0,42.4,4.8,63.2,35.5,,7.6,,,,,,,,,,,
401,134,2010,3.2,49.0,2.7,4.6,81.9,74.5,42.9,5.1,72.8,34.9,,5.6,,,,,,,,,,5.9,
402,134,2018,2.8,46.1,2.0,4.1,82.9,76.0,40.2,5.9,74.4,29.4,,4.2,,,,,,,,,,,
403,135,2005,1.3,76.3,1.7,2.6,77.4,72.4,32.3,7.7,712.5,0.7,3.4,20.5,5.9,1.9,4.9,103.7,105.6,83.3,76.5,23.8,23.0,9.1,22.6
404,135,2010,1.6,77.8,2.0,2.4,78.1,73.3,29.8,8.4,969.5,0.8,1.6,19.9,6.0,1.9,5.2,104.6,105.6,87.9,80.9,26.8,25.8,22.0,27.6
405,135,2018,1.4,80.2,1.8,2.3,78.9,74.0,26.3,10.4,1224.2,0.9,13.9,18.8,5.9,2.2,5.3,104.2,103.7,101.4,93.3,37.3,36.5,19.3,42.6
406,136,2005,-0.2,22.3,-0.2,4.0,68.2,66.9,38.8,5.5,2.9,2.7,,37.9,11.5,0.6,6.7,109.8,112.7,86.7,80.1,,,4.6,0.0
407,136,2010,-0.5,22.3,-0.5,3.6,69.1,67.6,36.9,6.2,2.8,2.7,,34.9,12.9,0.2,,112.4,111.0,,,,,4.5,0.0
408,136,2018,0.2,22.7,0.3,3.3,69.8,67.7,32.7,8.2,2.8,2.6,0.0,33.2,13.1,,12.5,95.7,95.4,,,,,4.7,0.0
409,137,2005,1.0,100.0,1.0,,,,13.2,28.9,21.3,63.1,,,2.1,,1.2,,,,,,,3.0,20.8
410,137,2010,1.9,100.0,1.9,,,,12.7,31.2,21.1,57.0,0.0,,2.3,,1.3,,,,,,,0.0,26.1
411,137,2018,0.6,100.0,0.6,,,,,,21.3,54.9,0.0,,2.0,6.6,1.4,,,,,,,0.0,20.8
412,138,2005,1.0,62.5,2.8,2.1,67.7,60.8,28.9,5.6,11.5,0.5,0.6,40.8,4.2,2.8,4.3,98.0,98.0,95.0,85.6,55.9,33.8,15.8,6.8
413,138,2010,1.4,67.6,3.0,2.4,70.3,62.4,27.0,5.7,16.1,0.6,0.3,30.5,4.2,2.8,4.6,124.2,127.1,94.8,88.4,65.3,42.5,8.8,3.9
414,138,2018,1.9,68.4,2.1,2.8,72.7,64.5,29.9,6.8,18.2,0.6,0.0,22.8,3.9,3.3,5.2,103.0,105.4,100.6,100.0,75.3,54.1,5.7,17.1
415,139,2005,0.1,62.5,1.4,1.9,76.2,70.6,20.2,17.0,,,,11.6,7.7,,,112.6,112.8,95.8,93.3,27.2,17.2,3.6,
416,139,2010,0.3,64.1,0.8,1.8,76.5,71.9,19.2,17.9,78.5,12.6,18.3,10.9,5.9,2.0,,109.6,111.2,101.0,99.7,58.3,46.5,2.4,11.1
417,139,2018,0.1,66.8,0.6,1.7,78.8,74.0,18.0,21.7,71.0,11.3,13.0,4.1,6.0,2.3,,94.6,97.4,90.5,90.6,63.4,50.8,4.5,23.5
418,140,2005,-0.7,9.3,29.3,1.7,,,19.3,19.9,1.2,26.0,,,,,,118.7,114.6,122.5,111.0,,,20.9,
419,140,2010,0.7,9.2,0.3,,,,19.6,19.0,1.3,25.8,0.0,,,,5.1,112.9,101.2,103.2,101.1,,,20.4,
420,140,2018,0.7,9.1,0.5,,,,19.7,19.6,1.4,26.3,,,,,,,,,,,,19.9,
421,141,2005,1.1,55.2,1.8,2.7,71.4,68.5,30.8,8.2,54.4,0.2,2.1,36.6,4.8,0.5,,100.5,110.8,46.0,54.0,10.5,13.0,1.5,10.8
422,141,2010,1.2,58.0,2.2,2.6,74.4,71.3,28.5,8.6,70.9,0.2,1.1,33.2,5.9,0.7,5.3,106.2,112.8,58.8,67.5,13.7,15.2,1.4,10.5
423,141,2018,1.4,62.5,2.4,2.6,76.0,73.7,27.2,11.0,95.8,0.3,7.1,28.1,5.5,0.6,,107.3,113.0,64.1,75.0,30.7,33.2,1.2,20.5
424,142,2005,2.9,30.0,3.5,5.8,51.2,47.9,45.6,4.8,204.8,1.0,6.0,94.3,6.4,0.0,4.4,88.9,105.7,10.8,15.6,0.9,1.9,5.2,34.8
425,142,2010,2.9,31.8,4.1,5.6,55.0,51.4,45.7,4.8,214.6,0.9,10.0,78.1,5.1,0.0,4.3,104.2,116.0,22.0,27.0,3.6,5.6,3.6,39.2
426,142,2018,2.9,36.0,4.5,5.4,58.1,54.0,44.5,4.8,247.0,0.8,42.7,67.3,5.4,0.1,6.5,101.7,110.9,31.5,34.3,6.2,7.9,3.4,39.6
427,143,2005,1.0,27.9,1.7,2.9,65.0,60.9,30.9,7.0,83.0,0.2,236.5,57.9,1.8,0.4,,101.2,101.0,44.7,46.1,,,1.4,
428,143,2010,0.7,28.9,1.3,2.6,66.3,62.2,30.0,7.5,76.4,0.2,859.4,52.2,1.9,0.5,,98.3,99.1,50.7,48.3,12.5,9.1,1.6,
429,143,2018,0.9,30.6,1.5,2.3,68.3,63.7,26.3,9.7,74.7,0.1,1277.8,45.0,4.9,0.6,2.2,109.9,113.3,63.4,57.7,19.0,13.0,2.3,10.2
430,144,2005,1.4,36.6,3.8,3.8,55.9,51.7,39.8,5.0,106.3,5.2,9.1,59.4,12.4,0.3,6.1,108.2,109.5,66.9,59.9,6.3,7.4,17.5,25.0
431,144,2010,1.3,41.6,3.9,3.6,56.6,53.3,38.4,5.2,102.4,4.7,8.8,46.6,9.5,0.4,8.3,105.8,109.2,69.0,60.1,10.4,8.2,14.4,26.9
432,144,2018,2.2,50.0,4.6,3.6,64.3,59.1,36.5,5.6,95.1,3.8,3.9,36.4,8.9,,,109.1,113.5,,,,,17.1,46.2
433,145,2005,0.1,100.0,0.2,,64.0,57.0,38.1,2.5,2.3,22.3,,,12.6,1.0,,128.5,122.3,50.3,44.4,,,,0.0
434,145,2010,-0.2,100.0,-0.2,,58.2,52.5,,,2.1,21.1,,,10.7,1.0,,96.0,90.1,68.9,57.6,,,,0.0
435,145,2018,2.3,100.0,2.3,3.9,64.8,57.8,39.5,4.0,3.7,32.7,0.8,18.0,4.8,1.4,,108.5,105.7,79.0,76.5,,,0.0,10.5
436,146,2005,1.5,15.1,4.0,3.6,65.2,62.9,39.7,6.7,679.5,2.6,538.6,52.9,4.5,0.2,3.4,110.2,120.4,43.5,53.5,5.6,10.3,3.4,5.9
437,146,2010,1.1,16.8,3.1,3.0,68.1,65.5,37.0,7.4,578.7,2.1,891.3,41.3,5.0,,3.6,146.9,137.6,57.4,60.3,11.0,17.9,3.0,33.2
438,146,2018,1.2,19.7,3.2,2.3,70.4,67.4,30.2,8.8,502.7,1.7,24.4,32.8,6.1,0.6,3.7,138.4,130.1,75.0,67.6,12.2,11.4,2.2,3.6
439,147,2005,0.5,82.6,2.0,1.7,81.0,76.2,18.3,19.3,1736.1,10.6,139.7,4.9,9.3,,5.2,105.5,107.9,117.2,119.5,61.1,56.4,1.1,36.7
440,147,2010,0.4,87.1,1.4,1.7,82.2,78.0,17.5,22.0,1832.5,11.0,90.1,4.1,10.4,,5.6,108.1,108.5,121.2,122.9,67.3,60.3,0.9,42.0
441,147,2018,0.3,91.5,1.0,1.7,83.1,79.4,16.2,25.5,2056.5,12.1,114.1,3.5,10.7,3.5,5.5,103.3,103.3,133.8,131.6,85.3,75.6,0.6,36.0
442,148,2005,1.8,64.0,2.4,2.3,77.2,71.3,27.5,10.3,55.4,23.8,,17.4,,,,,,,,,,,
443,148,2010,1.5,67.1,2.5,2.3,78.3,72.4,24.1,13.1,61.2,24.4,,15.1,,,,,,,,,,3.2,
444,148,2018,1.4,70.7,2.1,2.2,79.3,73.7,22.3,14.5,66.0,23.9,,13.0,,,,,,,,,,,
445,149,2005,1.4,86.3,1.5,1.9,81.3,76.8,21.5,16.4,840.0,20.3,5.7,5.4,8.3,2.1,6.3,99.3,100.1,123.6,117.1,,,1.5,28.3
446,149,2010,1.1,86.2,1.1,2.1,82.3,78.3,20.5,18.4,947.4,21.7,2.5,5.0,9.7,2.6,7.0,101.3,101.0,121.8,116.4,98.7,67.4,1.0,33.6
447,149,2018,1.1,86.5,1.1,2.0,83.1,79.5,19.8,21.3,1067.4,22.7,1.8,4.4,9.3,3.1,6.3,99.2,98.5,117.8,111.0,96.4,68.2,1.0,38.3
448,150,2005,1.4,55.9,1.6,2.8,73.8,68.0,36.0,6.1,34.9,0.6,0.2,26.4,5.5,0.5,2.4,120.2,121.9,74.1,63.7,18.7,16.8,13.6,20.7
449,150,2010,1.3,56.9,1.6,2.6,75.8,69.8,32.8,6.5,37.3,0.7,0.1,24.0,6.5,0.7,4.5,122.7,123.8,78.8,69.8,,,13.7,20.7
450,150,2018,1.2,58.5,1.5,2.3,77.5,71.4,28.6,8.7,41.2,0.7,0.7,20.0,7.8,0.9,,,,,,,,7.4,45.7
451,151,2005,3.6,16.2,3.7,7.6,52.0,50.8,49.2,4.1,124.5,0.9,0.4,88.1,7.2,0.0,2.4,40.2,56.2,7.4,12.0,0.6,1.7,,12.4
452,151,2010,3.7,16.2,3.7,7.6,55.6,54.2,50.0,4.1,126.5,0.8,0.3,74.8,6.2,0.0,3.7,56.0,69.1,10.7,16.1,0.8,2.2,,9.7
453,151,2018,3.8,16.4,3.9,7.4,59.5,57.6,50.1,4.2,295.6,1.4,309.9,65.8,7.2,,6.0,68.1,79.1,19.9,27.3,0.9,2.6,4.4,17.0
454,152,2005,2.5,39.1,4.8,6.1,47.8,46.1,43.7,4.6,969.3,0.7,12.7,104.0,3.8,0.3,,92.6,109.8,31.7,38.1,8.7,12.3,11.8,4.7
455,152,2010,2.6,43.5,4.8,5.9,50.5,49.0,44.0,4.5,988.7,0.6,10.6,89.9,3.3,0.4,,80.9,89.1,41.2,47.1,8.1,11.0,10.7,7.0
456,152,2018,2.7,50.3,4.6,5.7,52.6,51.2,43.8,4.5,1235.1,0.6,2478.3,76.3,3.6,,,92.8,95.2,53.5,58.8,8.3,12.0,9.8,5.6
457,153,2005,-2.4,35.2,-1.1,,,,26.1,15.1,0.5,31.0,,,10.1,2.3,,105.9,118.9,116.5,71.3,,,,
458,153,2010,-0.7,38.7,1.2,,76.0,67.0,25.7,16.8,0.5,33.4,,,9.8,1.8,,,,,,,,,
459,153,2018,-0.1,44.8,1.9,2.6,76.3,70.1,22.8,20.1,0.6,34.2,,8.1,6.3,,,125.3,132.5,114.1,104.1,,,0.0,
460,154,2005,-1.6,90.6,-1.5,1.5,77.8,72.5,22.9,3.7,37.5,58.9,,,,,,,,,,,,,
461,154,2010,-3.2,90.9,-3.1,2.2,79.9,74.4,26.7,5.8,24.2,44.4,,,,,,,,,,,,,
462,154,2018,0.1,91.6,0.2,1.6,77.9,74.9,23.5,10.0,21.8,39.5,,6.4,,,,,,,,,,,
463,155,2005,0.6,77.7,1.0,1.8,81.8,76.8,19.6,19.8,361.1,7.8,44.2,3.5,8.3,,6.9,98.7,98.4,114.3,113.2,95.1,62.4,0.7,38.2
464,155,2010,1.1,79.1,1.4,1.9,82.8,78.3,18.8,21.0,526.8,10.8,55.9,3.0,8.9,4.1,6.7,99.2,98.9,111.7,113.5,91.2,56.5,0.6,39.6
465,155,2018,1.2,82.2,1.7,1.8,83.6,79.5,17.8,22.6,798.9,15.1,68.2,2.4,10.0,4.4,7.7,100.1,100.3,112.5,115.9,96.6,65.4,0.5,41.4
466,156,2005,2.0,72.4,2.3,3.2,75.5,71.4,32.5,4.1,666.2,26.5,0.0,14.6,2.6,1.7,3.5,92.1,93.2,86.0,89.3,19.1,17.9,2.1,2.4
467,156,2010,3.8,75.2,4.6,2.9,77.5,73.2,25.7,3.9,816.2,26.8,0.1,9.8,2.7,2.0,4.2,100.7,104.9,97.1,101.8,28.5,19.7,1.6,0.0
468,156,2018,6.5,84.5,8.0,2.9,78.7,74.5,21.6,4.1,2073.3,44.7,0.7,9.6,3.8,1.9,6.2,110.1,107.2,103.9,110.4,59.7,32.8,0.7,1.2
469,157,2005,2.1,34.0,2.7,4.2,64.2,62.5,38.2,6.5,3171.1,2.1,1549.2,84.0,2.9,0.8,2.3,76.1,98.9,,,4.6,5.3,6.4,21.3
470,157,2010,2.1,35.0,2.6,4.0,65.3,63.5,36.2,6.6,3941.6,2.3,4151.0,76.9,2.6,0.9,2.3,87.5,102.7,31.0,40.2,6.3,7.5,7.7,22.2
471,157,2018,2.1,36.7,2.7,3.7,66.8,65.0,34.7,6.8,3398.2,1.7,1862.2,69.8,2.7,1.0,2.8,89.7,105.2,41.1,50.7,9.0,10.4,4.4,20.6
472,158,2005,0.8,71.2,1.0,1.5,72.1,66.3,24.1,8.2,6.0,30.4,,,9.0,,7.6,101.1,104.6,99.9,97.7,52.3,25.6,,0.0
473,158,2010,0.6,74.8,1.6,,,,,,5.5,26.8,,,11.5,1.4,,,,,,,,,0.0
474,158,2018,0.8,79.9,1.7,2.2,77.8,68.1,20.3,13.1,5.0,23.0,0.0,13.3,10.6,1.2,,112.5,117.0,118.3,112.3,78.1,50.6,3.1,12.5
475,159,2005,1.9,63.7,2.4,2.7,78.2,73.0,30.4,8.8,117.6,3.5,12.4,19.8,6.6,1.4,3.6,105.3,109.1,70.3,65.7,52.5,32.1,10.9,16.7
476,159,2010,1.8,65.1,2.2,2.6,79.4,73.5,29.1,9.7,157.3,4.3,17.6,16.8,6.6,1.4,3.6,103.0,107.0,73.5,69.2,53.7,35.1,12.6,8.5
477,159,2018,1.7,67.7,2.2,2.6,80.5,74.3,27.1,11.7,190.7,4.7,23.0,15.2,7.0,1.6,3.2,94.7,97.3,77.8,73.9,58.0,36.8,9.7,18.3
478,160,2005,2.5,13.1,2.4,4.4,65.1,60.3,39.1,5.1,30.0,0.5,10.1,55.5,3.7,0.1,,52.4,61.9,,,,,8.3,0.9
479,160,2010,2.4,13.0,2.2,4.1,66.7,61.8,38.3,5.4,25.4,0.4,9.7,51.9,3.1,0.1,,55.9,63.2,,,,,7.8,0.9
480,160,2018,2.2,13.2,2.2,3.8,67.4,62.6,35.6,6.2,32.4,0.4,9.5,49.0,3.8,,,106.6,117.9,34.0,45.2,,,,0.0
481,161,2005,1.8,57.6,2.6,3.2,72.9,68.7,35.3,7.1,168.2,2.9,0.1,35.5,5.0,1.2,3.4,110.3,113.5,67.8,66.0,27.5,24.3,15.3,10.0
482,161,2010,1.4,59.3,1.9,2.9,73.9,69.7,32.7,7.9,160.3,2.6,0.1,32.0,6.2,,3.8,101.8,105.9,70.2,66.5,41.2,29.1,11.9,12.5
483,161,2018,1.3,61.6,1.8,2.6,74.9,70.7,29.1,9.6,160.5,2.4,0.2,28.8,7.8,1.3,5.0,104.3,107.6,79.1,74.2,,,9.3,13.8
484,162,2005,1.3,75.0,1.8,2.8,74.3,69.0,31.7,8.1,77.5,0.3,1.2,27.4,4.6,,2.8,118.0,117.0,84.6,86.3,33.6,32.8,,18.3
485,162,2010,1.2,76.4,1.6,2.6,75.9,70.5,29.4,8.9,84.1,0.3,1.4,21.0,4.7,0.9,2.9,111.0,109.8,94.9,94.5,35.4,33.3,,27.5
486,162,2018,1.3,77.9,1.6,2.5,76.8,71.5,27.1,10.7,93.8,0.3,12.2,18.6,5.3,1.1,3.8,103.3,103.0,97.9,98.2,,,7.7,27.7
487,163,2005,2.0,45.7,1.8,3.7,70.8,64.4,37.1,5.4,257.5,0.3,0.9,28.1,3.9,1.1,2.4,105.4,106.5,87.6,78.3,30.4,24.7,7.5,15.3
488,163,2010,1.7,45.3,1.5,3.3,71.5,64.8,33.9,6.5,208.6,0.2,139.9,25.0,4.3,,2.7,107.5,108.6,87.5,80.9,33.0,26.4,9.5,21.0
489,163,2018,1.6,46.9,2.1,3.0,72.1,65.4,31.5,7.8,218.5,0.2,511.2,22.2,4.4,,,111.3,114.6,92.1,84.8,40.3,30.5,11.0,29.5
490,164,2005,-0.1,61.5,-0.2,1.3,78.8,70.4,16.6,17.0,722.5,1.9,6.3,7.1,5.8,,5.4,94.3,94.8,99.3,99.9,74.7,52.9,1.4,20.2
491,164,2010,0.0,60.9,-0.2,1.4,79.8,71.3,15.2,19.4,642.4,1.7,18.4,5.7,6.4,2.2,5.1,96.2,97.0,95.8,96.2,90.8,59.6,1.1,20.0
492,164,2018,0.0,60.1,-0.2,1.3,81.0,72.9,14.9,24.6,640.9,1.7,25.7,4.5,6.3,2.3,4.9,110.6,109.6,105.5,108.5,80.6,53.2,0.7,28.0
493,165,2005,0.4,57.5,1.5,1.5,81.0,74.1,15.4,22.5,771.2,7.3,0.4,4.5,9.4,3.4,5.1,114.6,120.3,102.1,92.8,62.6,47.9,1.3,19.1
494,165,2010,0.2,60.6,1.2,1.4,82.5,76.0,15.0,24.7,762.8,7.2,0.5,3.3,9.8,3.8,5.4,109.4,112.7,107.7,104.8,70.7,59.9,1.2,27.4
495,165,2018,-0.4,65.2,0.5,1.3,83.5,77.3,13.4,28.3,880.2,8.5,2.1,2.9,9.0,4.4,5.1,103.3,107.1,115.9,119.1,66.4,59.5,0.6,34.8
496,166,2005,-0.2,94.1,-0.2,1.8,80.9,72.7,22.3,16.7,352.1,9.4,,8.0,,,,,,,,,,20.5,
497,166,2010,-0.3,93.8,-0.3,1.7,81.8,73.8,20.6,18.1,305.0,8.2,,7.0,,,,95.8,92.5,85.4,80.8,103.2,69.9,27.4,
498,166,2018,-0.2,93.6,-0.3,1.5,83.2,75.2,17.6,20.8,273.5,7.5,,6.3,,,6.0,87.5,86.0,89.3,83.9,99.4,70.7,18.5,
499,167,2005,7.6,97.4,7.8,3.0,78.1,75.6,21.7,2.5,646.0,74.7,0.1,9.4,2.6,2.6,4.0,103.7,107.1,96.0,102.3,31.1,8.8,0.7,
500,167,2010,14.4,98.5,14.7,2.2,78.6,75.9,13.1,1.8,1456.4,81.8,1.3,7.8,1.8,3.9,4.5,105.9,104.7,103.3,99.2,25.6,4.8,0.2,0.0
501,167,2018,6.6,99.1,6.7,2.0,79.4,76.8,13.9,3.1,1721.4,65.2,1.5,7.2,3.1,2.0,3.6,103.4,104.0,100.7,85.8,47.1,6.4,0.4,9.8
502,168,2005,0.6,81.3,1.0,1.2,80.6,73.6,18.8,12.8,485.5,1.0,0.6,5.0,5.1,1.8,3.9,100.7,101.4,98.2,96.0,70.9,110.8,,13.0
503,168,2010,0.3,81.9,0.5,1.2,82.7,76.0,16.1,15.3,919.3,1.9,1.2,3.5,6.5,2.0,4.7,101.7,101.7,96.1,96.6,86.8,116.7,,14.7
504,168,2018,0.4,81.5,0.3,1.2,84.4,77.9,13.4,21.1,1151.9,2.3,9.4,3.0,7.4,2.3,5.1,97.8,97.4,100.3,100.1,80.6,104.6,0.7,17.0
505,169,2005,-0.2,42.8,-1.0,1.2,71.6,63.6,18.5,13.6,174.0,4.2,1.8,18.9,9.6,,7.2,97.2,98.6,90.0,86.2,42.9,29.5,7.1,15.8
506,169,2010,-0.4,42.6,-0.4,1.3,72.1,64.4,16.5,14.1,157.7,3.9,2.3,15.5,12.2,2.4,9.1,93.3,93.7,89.0,87.0,43.7,32.7,6.5,23.8
507,169,2018,-0.1,42.6,-0.2,1.3,75.2,66.7,15.8,18.0,140.0,3.5,5.2,14.3,10.2,3.2,6.7,91.9,92.9,86.5,85.8,47.4,35.3,3.2,22.8
508,170,2005,-0.6,53.2,-0.6,1.3,75.2,67.9,15.9,19.6,145.2,0.7,2.7,16.9,5.5,2.0,3.5,107.7,109.2,84.5,82.9,50.8,40.2,2.1,11.4
509,170,2010,-0.9,53.8,-0.7,1.4,76.7,69.5,15.8,21.4,166.1,0.8,1.7,12.0,5.7,2.5,3.5,96.8,98.3,96.8,97.6,75.9,55.3,2.0,11.4
510,170,2018,-0.6,54.0,-0.5,1.5,78.4,71.4,15.2,25.3,370.8,1.9,3.8,8.7,5.0,2.7,3.1,88.9,90.0,88.6,89.3,53.3,43.0,1.2,20.7
511,171,2005,-0.4,73.5,-0.4,1.3,72.0,58.6,15.2,17.2,11667.6,8.1,483.1,16.2,5.1,,3.8,95.4,95.2,82.5,83.4,84.3,61.3,24.8,9.8
512,171,2010,-0.1,73.7,0.0,1.4,73.7,61.0,14.9,18.0,11194.7,7.8,132.6,10.7,5.3,5.0,4.1,99.5,99.0,84.3,85.7,86.9,64.3,14.9,14.0
513,171,2018,0.1,74.4,0.2,1.7,75.9,64.7,17.8,21.5,11651.5,8.1,282.6,8.3,5.6,4.0,3.8,102.3,101.8,104.0,105.6,89.3,74.7,10.8,15.8
514,172,2005,2.3,16.9,4.8,5.4,51.5,49.6,41.7,4.1,432.8,4.8,64.4,90.7,7.5,0.0,5.7,138.1,137.2,15.4,17.3,2.0,3.5,,48.8
515,172,2010,2.6,16.9,2.6,4.8,61.5,58.6,41.8,4.1,436.8,4.3,55.7,59.8,9.3,0.1,4.9,146.9,143.3,32.8,33.1,5.0,6.4,2.8,56.3
516,172,2018,2.5,17.2,2.6,4.2,67.1,63.1,39.8,5.0,443.1,3.6,173.8,44.0,7.9,0.1,3.5,136.8,137.3,38.4,34.9,6.9,9.1,2.5,61.3
517,173,2005,1.4,96.3,2.5,2.4,80.6,73.0,26.9,10.3,115.1,14.5,,7.6,,,,,,,,,,3.2,
518,173,2010,1.0,98.5,1.4,2.4,81.9,74.5,25.4,12.2,123.0,14.8,,5.6,,,,,,,,,,1.8,
519,173,2018,0.8,99.6,0.9,2.4,82.9,76.0,23.2,17.0,129.2,14.7,,4.2,,,,,,,,,,,
520,174,2005,-3.6,39.9,-3.8,,,,,,0.5,11.4,,,,,,,,,,,,0.0,
521,174,2010,-0.5,39.5,-0.7,,,,,,0.6,13.6,,,,,,,,,,,,0.0,
522,174,2018,-0.7,39.8,-0.7,,,,,,0.6,15.0,,,,,,,,,,,,,
523,175,2005,1.4,32.0,0.9,,,,28.0,9.9,6.7,13.7,,,5.1,1.1,3.9,,,,,,,16.5,0.0
524,175,2010,1.1,31.3,0.7,,,,,,7.2,14.1,,,5.7,,4.3,,,,,,,40.8,6.7
525,175,2018,1.1,30.8,0.8,,,,,,7.6,13.7,0.0,,5.6,,2.8,,,,,,,34.2,13.3
526,176,2005,0.8,23.1,-2.9,1.8,74.0,70.1,27.7,9.8,11.5,7.0,,14.2,5.6,0.5,5.1,100.5,105.1,84.0,71.5,19.0,7.0,25.0,11.1
527,176,2010,1.1,18.4,-3.4,1.6,76.6,71.4,23.2,12.1,12.1,7.0,0.0,11.8,6.6,0.1,3.9,98.1,103.3,94.1,95.2,18.0,7.0,25.5,11.1
528,176,2018,0.5,18.7,0.6,1.5,77.6,72.2,18.5,14.1,12.9,7.2,0.0,10.9,6.0,,5.7,,,88.3,87.4,25.4,13.0,19.3,16.7
529,177,2005,0.0,89.9,0.1,,,,,,1.1,18.3,,,,,,,,,,,,,
530,177,2010,0.0,89.9,0.0,,,,19.1,17.8,1.0,16.2,,,,,,,,,,,,15.9,
531,177,2018,0.0,89.9,0.1,,,,,,1.0,15.7,,,,,,,,,,,,,
532,178,2005,0.2,47.0,1.0,2.2,73.3,68.3,28.5,9.4,4.4,4.0,,21.2,3.7,0.6,6.4,112.3,123.9,99.5,79.5,,,23.9,22.7
533,178,2010,0.1,49.0,0.9,2.1,74.0,69.8,26.5,9.5,4.5,4.1,,18.5,4.4,,5.1,101.2,108.8,108.8,106.3,,,22.9,21.7
534,178,2018,0.0,52.2,0.8,2.0,74.9,70.7,23.5,12.2,4.6,4.2,,16.5,4.2,,5.8,102.1,104.6,106.2,107.6,,,36.5,13.0
535,179,2005,0.6,21.2,-0.1,4.4,73.6,67.2,39.6,6.9,5.7,3.2,,25.7,5.2,0.3,3.8,109.8,109.0,88.2,78.2,7.2,7.8,,6.1
536,179,2010,0.7,20.1,-0.4,4.5,75.4,69.1,38.3,7.2,5.1,2.8,,21.3,5.3,0.3,5.1,109.9,111.5,93.6,82.3,,,8.6,8.2
537,179,2018,0.8,18.2,-0.4,4.2,77.4,71.1,36.4,8.7,4.9,2.5,0.0,18.0,5.6,,4.1,108.3,107.0,88.6,80.3,,,3.1,10.0
538,180,2005,1.3,94.5,1.5,1.3,84.0,77.4,15.2,21.5,4.2,14.4,,,4.1,,,,,,,,,0.0,16.7
539,180,2010,1.2,95.7,1.5,,,,20.9,21.6,4.4,14.1,,,5.8,,2.3,100.6,88.8,98.2,96.3,77.3,53.0,0.0,16.7
540,180,2018,1.2,97.2,1.4,,86.4,81.7,15.0,24.1,5.2,15.7,,,6.8,6.4,2.4,92.6,93.9,95.9,93.5,69.9,50.5,0.0,26.7
541,181,2005,2.3,59.2,4.4,5.1,65.6,62.0,44.1,5.6,3.4,2.2,,51.8,12.1,0.5,5.3,124.0,129.0,43.8,41.3,,,,9.1
542,181,2010,2.3,65.0,4.2,4.9,67.4,63.6,44.1,4.7,2.7,1.5,,46.0,5.3,,9.7,117.1,118.3,52.0,51.1,4.2,4.3,3.4,7.3
543,181,2018,2.2,72.8,3.8,4.7,68.2,64.0,42.4,4.4,2.3,1.1,,43.8,9.8,,3.7,108.1,112.4,96.0,83.5,13.3,12.8,3.4,18.2
544,182,2005,2.8,81.0,3.1,3.6,74.6,71.5,33.8,4.4,6501.8,27.2,311.0,17.5,3.4,0.7,5.4,94.7,96.2,84.4,89.7,35.2,23.8,1.2,0.0
545,182,2010,2.7,82.1,3.0,3.2,74.8,71.9,29.8,4.5,8430.0,30.7,70.7,14.7,3.5,2.4,5.1,105.6,106.5,88.6,100.0,39.1,34.0,1.0,0.0
546,182,2018,2.8,83.8,3.1,2.7,75.6,72.7,24.9,5.8,12185.3,37.0,70.2,13.0,5.8,2.6,,115.2,117.3,101.5,131.3,66.7,66.5,1.5,19.9
547,183,2005,2.6,41.7,3.3,5.3,60.6,57.3,43.7,4.9,238.3,2.1,23.4,61.1,4.6,0.1,5.1,77.5,80.6,18.9,25.2,,,9.3,19.2
548,183,2010,2.8,43.8,3.7,5.1,63.8,61.0,43.2,4.7,256.1,2.0,24.2,51.1,4.0,0.1,6.5,85.4,80.9,33.3,38.2,5.5,9.3,8.5,22.7
549,183,2018,3.0,47.2,3.9,5.0,67.5,63.8,42.7,4.7,265.6,1.7,17.9,43.9,4.0,0.1,7.1,87.9,78.4,48.4,47.8,7.9,13.2,7.4,41.8
550,184,2005,-0.6,53.9,-0.2,1.7,75.4,69.4,18.6,19.0,845.1,9.2,486.9,14.1,8.7,,,103.0,102.5,90.0,87.3,50.1,38.6,1.6,
551,184,2010,-0.4,55.0,0.0,1.6,76.1,70.6,17.3,21.0,826.1,9.1,312.6,12.4,10.1,2.5,4.6,95.6,96.1,92.4,90.5,55.6,42.8,1.4,21.6
552,184,2018,-0.4,56.1,-0.1,1.6,77.5,71.8,16.3,24.8,801.9,9.1,254.3,9.8,9.4,2.5,4.0,100.5,100.7,96.9,95.6,70.9,53.9,1.4,34.4
553,185,2005,1.8,51.7,2.3,2.2,76.8,67.9,24.9,9.2,9.0,10.1,,10.6,3.9,1.2,5.4,108.0,110.1,84.8,79.0,,,11.4,29.4
554,185,2010,0.6,53.3,1.2,2.3,77.3,68.0,22.8,10.0,11.4,12.5,,10.2,3.6,1.1,4.8,112.1,108.8,77.0,72.5,,,9.8,23.5
555,185,2018,0.5,56.7,1.3,2.4,77.9,68.7,22.4,13.8,12.9,13.6,0.0,10.2,3.4,1.0,3.6,112.4,113.2,96.1,89.9,27.2,14.7,12.7,21.2
556,186,2005,4.3,36.9,5.0,6.1,42.6,40.1,44.4,4.1,149.6,2.6,66.3,134.9,9.8,0.0,2.8,60.9,87.1,20.0,28.3,1.1,2.7,1.7,14.5
557,186,2010,2.6,38.9,3.7,5.6,46.7,45.0,44.0,4.1,97.5,1.5,8.6,116.9,9.2,0.0,2.6,,,,,,,2.5,13.2
558,186,2018,2.3,42.1,3.3,4.8,50.7,49.6,41.7,4.2,95.2,1.3,0.7,94.4,18.3,,2.9,115.2,114.4,38.6,42.4,,,1.7,12.4
559,187,2005,2.8,100.0,2.8,1.3,81.8,76.7,19.1,12.6,1710.6,38.1,0.0,2.5,3.0,1.5,3.2,,,,,,,0.5,16.0
560,187,2010,2.4,100.0,2.4,1.3,83.7,78.7,17.3,14.1,2164.8,42.7,0.0,2.2,3.2,1.7,3.1,,,,,,,0.4,23.4
561,187,2018,1.7,100.0,1.7,1.2,84.5,80.1,14.7,20.4,2623.4,46.0,0.0,2.1,4.3,2.3,2.9,100.7,100.9,107.7,108.6,,,0.3,23.0
562,188,2005,0.4,100.0,0.4,,,,,,13.1,40.3,,,,,,,,,,,,,
563,188,2010,0.4,100.0,0.4,,77.2,72.0,,,26.2,79.1,0.0,,,,,,,,,,,,
564,188,2018,3.1,100.0,3.1,,77.1,69.2,21.0,10.4,28.3,70.4,0.0,,,,,,,,,,,,
565,189,2005,0.0,55.6,-0.2,1.2,77.8,69.8,16.8,16.1,130.5,2.4,3.1,7.3,6.6,,3.8,97.6,98.8,93.7,92.8,45.6,35.4,1.7,16.7
566,189,2010,0.0,54.7,-0.3,1.3,78.6,70.8,15.3,17.8,146.3,2.7,1.6,6.2,7.8,3.3,4.1,101.0,101.9,92.8,91.8,69.6,45.0,1.5,18.0
567,189,2018,0.1,53.7,-0.2,1.4,79.8,72.6,15.5,22.3,184.6,3.4,2.5,5.7,6.9,3.4,4.6,98.1,98.9,91.5,90.5,64.3,41.6,1.0,20.0
568,190,2005,0.1,51.5,0.4,1.2,80.4,72.8,14.0,20.8,197.3,9.9,1.2,4.0,8.0,,5.6,99.3,101.0,96.8,97.4,93.4,65.6,1.0,12.2
569,190,2010,0.5,52.7,0.9,1.4,82.0,75.0,14.1,22.2,253.8,12.4,4.6,3.2,8.6,2.4,5.6,98.5,99.4,98.1,99.2,107.3,72.3,0.7,14.4
570,190,2018,0.3,54.5,0.7,1.6,83.2,77.2,15.1,26.8,244.8,11.8,0.9,2.5,8.5,2.8,5.3,99.6,99.2,109.9,109.6,95.6,65.3,0.5,36.7
571,191,2005,2.6,17.8,5.0,4.6,66.0,63.5,41.3,4.8,3.3,0.7,,49.9,10.1,0.2,,97.8,103.2,27.4,33.2,,,5.5,0.0
572,191,2010,2.3,20.0,4.7,4.4,68.8,66.1,40.8,5.1,2.8,0.5,,38.7,7.4,0.2,10.0,113.1,116.0,44.9,51.9,,,3.8,0.0
573,191,2018,2.1,23.7,4.3,4.1,71.1,68.3,38.5,5.5,2.5,0.4,0.0,30.0,8.0,0.2,,114.0,115.4,47.0,49.5,,,,2.0
574,192,2005,2.9,36.3,4.6,7.5,53.1,50.0,47.9,4.3,20.7,0.2,400.6,97.0,,,,,,,,,,5.0,
575,192,2010,2.9,39.3,4.5,7.1,54.8,51.6,47.7,4.3,24.0,0.2,1489.8,89.8,,0.0,,16.8,30.3,3.8,8.2,,,5.3,6.9
576,192,2018,2.9,45.0,4.8,6.6,56.5,53.3,46.3,4.4,44.9,0.3,1620.6,79.5,,0.0,,,,,,,,4.3,24.4
577,193,2005,1.3,59.5,2.2,2.8,56.7,51.2,31.7,6.7,1210.9,2.5,169.9,60.5,6.7,0.7,5.1,100.7,104.5,93.1,87.2,,,38.0,32.8
578,193,2010,1.1,62.2,2.0,2.6,55.6,50.6,30.4,7.2,2096.9,4.1,229.7,52.7,7.4,0.7,5.7,95.8,99.9,94.7,89.4,,,30.8,44.5
579,193,2018,1.4,66.4,2.2,2.6,63.0,56.1,28.8,8.5,4036.7,7.1,308.2,36.5,8.2,0.8,5.9,99.0,106.6,102.0,103.5,23.2,16.4,34.0,42.4
580,194,2005,3.8,17.2,4.6,6.0,51.3,49.1,44.3,5.1,,,,101.4,,,,,,,,,,,
581,194,2010,4.3,17.9,5.1,5.6,53.3,51.3,43.3,5.3,257.9,2.6,,89.1,,,,,,,,,,,
582,194,2018,3.3,19.6,4.4,5.2,56.0,54.1,41.5,5.1,845.2,6.7,2222.1,77.7,2.5,,1.8,55.1,77.8,6.9,12.8,,,13.9,28.5
583,195,2005,1.5,77.3,1.7,1.3,83.3,76.5,14.3,21.6,4107.2,9.3,5.4,4.0,7.7,4.5,4.1,102.2,103.6,121.1,113.6,74.2,60.4,1.2,36.0
584,195,2010,1.2,78.4,1.5,1.4,84.3,78.1,14.6,22.4,6280.1,13.4,6.6,3.4,9.0,3.8,4.8,105.2,105.7,125.5,122.8,87.1,70.3,0.9,36.6
585,195,2018,-0.2,80.3,0.1,1.3,85.3,79.6,14.6,25.8,5947.1,12.8,36.4,2.9,9.2,3.9,4.3,104.5,103.3,128.4,127.5,99.2,83.5,0.6,39.1
586,196,2005,0.8,18.3,0.7,2.3,77.1,69.6,25.6,10.4,39.5,0.2,352.1,13.1,3.8,0.5,,99.3,99.9,,,,,6.2,4.9
587,196,2010,0.7,18.2,0.6,2.3,77.7,70.6,25.4,11.8,39.0,0.2,435.3,10.1,3.0,0.7,1.7,98.4,101.0,97.5,96.3,20.9,11.7,3.8,5.8
588,196,2018,0.5,18.5,0.5,2.1,78.0,71.2,23.7,15.4,40.0,0.2,41.7,8.2,3.0,0.9,3.5,100.8,103.0,99.3,96.0,22.9,14.8,2.5,5.8
589,197,2005,2.1,73.1,2.4,5.0,72.9,69.5,45.6,4.0,266.6,7.5,,24.9,,,,87.9,88.5,91.7,87.7,41.2,40.6,2.4,
590,197,2010,2.6,74.1,2.9,4.6,73.9,70.2,42.4,4.3,258.0,6.3,,22.3,,,6.7,90.1,91.9,89.0,82.4,54.9,41.1,0.8,
591,197,2018,2.7,76.2,3.1,4.2,74.8,71.1,39.3,4.7,253.7,5.2,0.0,20.0,,,5.7,94.0,93.9,88.0,79.9,52.8,33.1,0.7,
592,198,2005,2.5,32.8,2.7,5.3,61.3,57.5,43.5,4.9,,,1029.7,61.8,4.1,0.2,1.6,59.2,67.5,37.3,40.2,13.0,11.5,,
593,198,2010,2.1,33.1,2.3,5.0,63.2,59.8,43.0,5.1,578.4,1.7,1951.5,53.7,5.3,0.3,2.2,68.1,75.8,39.6,45.6,17.3,14.7,5.2,
594,198,2018,2.3,34.6,2.8,4.8,65.1,62.1,40.5,5.6,735.8,1.8,2867.8,48.7,6.3,,,70.3,76.7,45.5,46.1,17.5,16.5,,30.5
595,199,2005,1.1,66.7,1.2,2.8,71.7,64.8,30.8,8.5,33.7,6.7,,24.2,7.7,0.8,,104.6,106.7,79.3,59.6,15.8,9.6,13.8,19.6
596,199,2010,1.1,66.3,1.0,2.6,73.1,66.4,28.7,9.1,39.7,7.5,0.0,22.2,5.4,,,115.9,116.7,81.1,63.2,,,8.3,25.5
597,199,2018,1.0,66.1,0.9,2.5,74.2,67.8,26.2,10.6,47.7,8.5,0.1,17.4,6.5,,,121.0,120.9,89.7,68.1,,,,25.5
598,200,2005,0.4,84.3,0.4,1.7,82.3,77.9,17.4,23.5,1125.8,12.5,96.4,3.2,8.3,,6.6,95.7,95.9,103.8,104.3,99.9,64.8,0.9,45.3
599,200,2010,0.8,85.1,0.9,1.9,83.1,79.0,16.5,24.9,1337.2,14.2,110.8,2.6,8.5,3.9,6.6,101.2,101.7,97.6,98.6,89.6,58.5,1.0,46.4
600,200,2018,0.8,87.4,1.1,1.9,83.7,80.0,17.7,25.6,1747.7,17.6,339.0,2.4,11.0,4.2,7.7,125.5,120.5,150.0,131.5,75.6,49.6,1.1,43.6
601,201,2005,0.7,73.5,0.7,1.4,83.1,77.7,16.3,21.3,1805.4,24.4,63.4,4.6,10.3,,5.2,101.8,102.1,92.1,97.9,42.4,48.9,1.0,25.0
602,201,2010,1.1,73.6,1.1,1.5,84.1,79.3,15.1,22.8,2075.2,26.5,61.9,4.2,10.7,3.8,4.9,102.3,102.8,94.3,97.2,52.5,53.0,0.7,29.0
603,201,2018,1.2,73.8,1.2,1.5,84.8,80.5,14.9,24.5,2506.4,29.6,114.8,3.9,12.1,4.2,5.1,104.0,104.8,100.3,104.2,58.4,57.3,0.5,32.5
604,202,2005,2.2,53.8,2.9,3.8,75.9,71.4,39.1,4.9,876.4,4.8,328.0,17.7,4.1,1.6,5.4,118.4,121.9,68.1,71.2,17.1,19.1,2.4,12.0
605,202,2010,2.8,55.6,3.4,3.4,77.3,72.0,36.4,5.1,1785.1,8.5,1308.1,15.0,3.4,1.5,5.1,116.5,120.8,72.4,72.3,24.0,27.8,2.2,12.4
606,202,2018,-2.3,54.2,-3.6,3.1,76.3,64.4,35.7,7.1,1013.8,5.5,6544.6,17.9,3.6,1.5,,74.7,77.3,49.3,49.3,42.7,36.0,,13.2
607,203,2005,2.0,26.5,2.0,3.6,69.6,63.6,38.1,5.1,280.4,4.1,1.1,62.9,5.2,2.0,3.5,96.9,100.2,73.6,88.5,13.4,28.0,2.3,12.7
608,203,2010,2.2,26.5,2.2,3.5,71.9,66.0,35.7,4.9,278.2,3.6,7.1,48.9,5.8,1.7,4.0,98.0,100.4,78.3,89.7,15.8,29.9,2.4,17.5
609,203,2018,2.2,27.1,2.4,3.5,73.5,67.7,35.3,6.0,273.3,3.1,18.1,38.9,6.9,1.7,5.2,98.1,99.5,82.7,92.0,26.4,35.2,1.6,19.0
610,204,2005,0.8,37.4,4.3,1.6,74.9,67.7,21.3,11.1,2163.4,3.3,149.4,16.7,3.4,0.3,3.9,100.4,103.3,75.4,71.9,47.2,42.0,7.3,8.8
611,204,2010,0.5,43.9,3.7,1.6,76.6,69.8,19.2,12.9,3224.1,4.8,649.4,13.4,3.6,0.4,3.5,96.2,97.4,85.3,79.6,56.5,44.3,5.4,13.3
612,204,2018,0.4,49.9,2.1,1.5,78.4,70.8,17.0,17.6,3588.9,5.2,593.5,11.2,3.8,0.5,4.1,97.5,103.5,118.1,123.0,54.2,37.8,3.2,4.8
613,205,2005,0.2,57.5,-0.1,1.6,76.4,71.3,20.2,15.3,127.7,6.2,4.4,12.9,8.4,,3.3,92.5,94.5,80.2,82.8,34.1,24.6,2.1,19.2
614,205,2010,0.1,57.1,-0.1,1.5,76.3,72.1,17.9,16.4,129.7,6.3,3.3,10.8,7.0,2.7,,86.7,88.0,81.0,83.4,40.4,34.7,2.1,32.5
615,205,2018,0.1,58.0,0.2,1.5,77.2,73.2,16.6,19.9,131.0,6.3,1.2,9.0,6.1,2.9,,93.7,94.1,81.2,82.6,45.9,36.7,1.6,37.5
616,206,2005,3.3,26.0,4.7,7.0,63.0,60.0,49.2,4.3,11.3,1.1,0.0,64.0,1.3,0.1,,85.2,93.2,51.8,53.2,9.3,8.1,4.5,25.3
617,206,2010,1.6,27.7,2.8,6.5,67.6,65.2,45.6,5.1,11.5,1.0,0.0,50.2,1.3,0.1,11.0,116.3,121.4,60.8,60.6,15.8,21.9,3.5,29.2
618,206,2018,2.2,30.6,3.5,5.9,69.5,66.1,43.5,5.5,12.1,0.9,0.0,43.9,3.1,0.1,7.5,108.3,110.6,77.1,71.7,,,3.9,32.3
619,207,2005,2.7,35.2,4.0,5.3,54.7,53.0,42.6,4.5,203.4,3.6,18.7,77.3,4.2,0.0,3.4,104.1,122.5,31.3,58.8,,,10.7,6.2
620,207,2010,2.7,37.5,4.0,5.0,56.4,55.1,42.5,4.4,255.3,3.9,14.2,63.2,6.3,0.1,4.4,120.6,133.7,30.7,57.9,,,9.6,11.1
621,207,2018,2.6,41.7,4.0,4.7,59.8,58.3,41.3,4.6,284.0,3.6,13.3,55.7,6.6,,5.1,120.8,127.0,,,7.4,17.1,9.0,17.6
622,208,2005,-5.0,0.0,0.0,,,,40.7,9.5,0.3,21.4,,,,,,132.6,101.8,75.8,83.3,,,,
623,208,2010,-1.3,0.0,0.0,,,,36.6,11.3,0.4,37.6,,,,,,,,,,,,,
624,208,2018,1.9,0.0,0.0,2.1,,,28.3,12.2,0.5,38.8,,,,,,95.2,107.7,70.7,69.6,,,,
625,208,2005,-5.0,0.0,0.0,,,,40.7,9.5,0.3,21.4,,,,,,132.6,101.8,75.8,83.3,,,,
626,208,2010,-1.3,0.0,0.0,,,,36.6,11.3,0.4,37.6,,,,,,,,,,,,,
627,208,2018,1.9,0.0,0.0,2.1,,,28.3,12.2,0.5,38.8,,,,,,95.2,107.7,70.7,69.6,,,,
628,208,2005,-5.0,0.0,0.0,,,,40.7,9.5,0.3,21.4,,,,,,132.6,101.8,75.8,83.3,,,,
629,208,2010,-1.3,0.0,0.0,,,,36.6,11.3,0.4,37.6,,,,,,,,,,,,,
630,208,2018,1.9,0.0,0.0,2.1,,,28.3,12.2,0.5,38.8,,,,,,95.2,107.7,70.7,69.6,,,,
631,208,2005,-5.0,0.0,0.0,,,,40.7,9.5,0.3,21.4,,,,,,132.6,101.8,75.8,83.3,,,,
632,208,2010,-1.3,0.0,0.0,,,,36.6,11.3,0.4,37.6,,,,,,,,,,,,,
633,208,2018,1.9,0.0,0.0,2.1,,,28.3,12.2,0.5,38.8,,,,,,95.2,107.7,70.7,69.6,,,,
634,208,2005,-5.0,0.0,0.0,,,,40.7,9.5,0.3,21.4,,,,,,132.6,101.8,75.8,83.3,,,,
635,208,2010,-1.3,0.0,0.0,,,,36.6,11.3,0.4,37.6,,,,,,,,,,,,,
636,208,2018,1.9,0.0,0.0,2.1,,,28.3,12.2,0.5,38.8,,,,,,95.2,107.7,70.7,69.6,,,,
637,209,2005,0.6,23.2,0.7,4.2,73.5,68.8,38.2,8.3,4.3,4.3,,23.5,4.6,0.3,3.9,110.1,113.4,116.3,105.5,8.0,4.8,4.0,0.0
638,209,2010,0.6,23.4,0.8,4.0,74.7,69.0,37.4,8.0,4.6,4.4,0.0,22.0,4.9,0.6,,107.3,109.4,107.2,100.4,,,1.0,3.1
639,209,2018,0.4,23.1,0.3,3.8,75.6,69.6,35.4,8.7,5.0,4.6,,20.6,5.9,,,107.4,108.6,94.2,86.4,,,1.0,7.4
640,210,2005,0.5,55.0,0.1,1.8,72.5,65.1,21.8,10.8,44.8,3.5,,28.9,4.9,0.8,3.1,97.8,100.7,88.5,82.6,13.4,10.6,29.8,19.4
641,210,2010,0.5,54.0,0.1,1.8,73.0,65.8,20.7,12.4,48.2,3.6,0.1,26.6,5.2,1.8,,104.3,108.0,,,,,35.6,26.8
642,210,2018,0.5,53.2,0.2,1.8,73.8,66.9,20.5,15.5,50.2,3.7,0.7,24.8,6.0,1.8,,,,,,,,30.9,31.0
643,211,2005,0.8,65.2,1.4,2.0,76.3,71.4,25.5,10.0,35.0,0.3,0.1,23.0,5.4,0.9,6.5,109.3,114.0,88.3,81.4,35.1,28.6,2.6,22.8
644,211,2010,1.0,66.7,1.5,2.0,77.0,72.3,23.3,10.4,43.2,0.4,0.1,18.7,5.9,1.2,6.3,105.3,109.0,93.4,87.5,42.6,27.8,2.7,27.6
645,211,2018,1.2,68.9,1.6,2.3,77.1,73.0,24.0,12.6,57.7,0.5,0.6,18.5,6.7,1.3,6.6,113.2,116.2,97.9,88.1,41.2,24.1,3.0,31.3
646,212,2005,1.4,67.8,2.4,2.4,74.9,68.0,28.6,9.6,1319.2,1.9,8.7,24.7,4.9,1.5,3.0,100.5,105.8,76.1,91.6,27.9,38.2,4.9,4.4
647,212,2010,1.3,70.8,2.1,2.2,76.9,69.9,26.9,10.4,1367.0,1.9,17.8,16.4,5.1,1.7,2.8,100.6,102.0,80.5,87.9,50.5,62.1,4.2,9.1
648,212,2018,1.6,75.1,2.4,2.1,78.1,71.5,24.6,12.3,4882.0,6.0,3470.1,12.6,4.1,1.7,4.4,102.9,103.6,101.7,104.4,88.9,101.8,4.3,14.6
649,213,2005,1.0,47.1,1.5,2.8,68.2,60.3,32.6,6.1,213.1,4.5,12.0,62.1,9.6,4.4,,,,,,,,4.3,26.0
650,213,2010,1.4,48.5,2.0,2.6,69.6,62.2,29.5,6.1,198.0,3.9,20.1,54.2,5.0,2.3,,,,,,,,4.2,16.8
651,213,2018,1.8,51.6,2.5,3.0,70.8,63.9,30.8,7.6,195.1,3.4,3.4,46.9,6.3,2.3,3.0,87.5,89.2,84.0,87.6,6.2,9.7,,25.8
652,214,2005,6.7,87.7,7.5,,77.3,75.1,28.6,5.2,13.1,49.6,,,,,,,,,,,,0.0,
653,214,2010,3.2,90.2,3.7,,,,,,17.2,55.5,,,,,,,,,,,,6.6,
654,214,2018,2.0,93.1,2.5,,77.8,75.8,19.2,7.6,24.5,69.2,0.0,,,,3.3,,,,,,,5.9,
655,215,2005,1.2,49.7,2.8,3.7,,,36.2,8.6,0.2,1.8,,,11.1,1.0,,97.6,101.4,74.1,67.4,,,0.0,0.0
656,215,2010,1.0,54.8,2.9,,71.9,67.4,,,0.2,1.5,,10.3,14.4,1.2,,97.6,102.4,,,,,9.5,0.0
657,215,2018,0.9,62.4,2.6,3.6,,,31.1,9.9,0.1,1.3,,,15.0,,,118.8,119.6,108.2,85.0,,,18.6,6.7
658,216,2005,3.4,17.0,6.2,6.7,52.1,47.8,49.8,3.6,653.0,2.3,260.7,79.4,11.3,0.1,5.0,119.2,120.2,17.0,21.1,2.7,4.4,8.7,23.9
659,216,2010,3.4,19.4,6.1,6.4,56.7,53.6,49.3,3.4,529.2,1.6,594.4,68.2,10.7,,2.4,117.7,115.9,21.6,26.3,3.5,4.4,9.3,31.5
660,216,2018,3.4,23.8,6.0,5.9,60.7,56.5,47.4,3.3,1692.1,3.9,1489.7,60.2,7.3,0.1,2.3,101.3,98.3,,,4.0,5.2,11.5,34.3
661,217,2005,-0.8,67.8,-0.6,1.1,73.4,61.8,14.6,20.4,5050.3,10.8,76.9,14.8,6.1,,6.1,106.2,106.6,91.8,99.2,78.0,63.1,6.5,5.3
662,217,2010,-0.5,68.6,-0.2,1.4,73.8,62.2,14.1,21.0,4818.8,10.5,46.4,12.6,6.4,3.5,7.3,99.1,98.5,94.3,96.7,89.5,71.2,4.3,8.0
663,217,2018,-0.5,69.4,-0.4,1.5,76.0,66.1,15.8,23.5,4964.3,11.2,1845.0,8.8,6.1,3.0,5.9,100.9,98.9,95.7,97.8,89.5,77.6,6.3,12.3
664,218,2005,7.5,82.3,8.0,2.4,76.3,74.1,18.4,1.7,3281.0,71.6,0.2,9.2,2.3,1.6,,,,,,,,1.2,0.0
665,218,2010,11.8,84.1,12.3,2.0,77.3,75.2,13.4,1.5,7316.6,88.5,0.6,6.9,3.9,1.5,,98.9,96.9,,,29.9,10.7,0.8,22.5
666,218,2018,2.0,86.5,2.4,1.8,78.2,76.0,13.9,2.6,8312.5,88.4,1.7,6.2,3.5,1.6,,108.9,112.8,93.0,98.6,53.2,26.7,0.9,22.5
667,219,2005,0.4,79.9,0.8,1.7,80.6,76.1,18.0,21.2,5926.2,9.8,316.6,5.3,7.2,,5.0,106.2,106.3,107.0,103.9,68.9,49.5,1.4,18.1
668,219,2010,1.0,81.3,1.3,1.9,81.8,77.5,17.5,22.7,7604.6,12.0,253.3,4.8,8.5,2.7,5.8,104.5,105.0,103.2,102.9,67.9,50.7,1.2,19.5
669,219,2018,0.6,83.4,1.0,1.9,82.8,79.0,17.8,24.2,8841.7,13.4,152.7,4.1,9.9,2.8,5.6,101.8,102.0,127.5,123.6,65.8,49.2,1.2,32.0
670,220,2005,2.8,24.8,5.0,5.7,55.4,52.0,45.3,4.6,770.8,2.0,630.6,67.1,,0.0,4.6,99.7,104.9,,,0.9,2.0,7.6,21.4
671,220,2010,3.1,28.1,5.6,5.6,60.1,57.5,45.3,4.7,308.6,0.7,273.8,52.4,,,4.6,97.7,97.1,27.1,34.3,1.9,2.4,8.4,30.7
672,220,2018,3.1,33.8,5.5,5.2,64.8,60.8,44.7,4.7,492.6,0.9,511.9,44.0,6.1,0.0,3.5,82.0,79.5,30.3,33.1,2.7,5.2,7.0,37.2
673,221,2005,-0.2,93.7,0.1,2.1,79.5,74.9,22.4,16.6,56.6,52.6,,11.6,,,,,,,,,,34.3,
674,221,2010,-0.3,94.6,-0.1,2.4,80.3,75.5,20.8,20.4,56.7,53.4,,10.7,,,,,,,,,,52.8,
675,221,2018,-0.2,95.7,-0.1,2.3,81.5,76.7,20.0,26.0,56.7,54.1,,9.3,,,,,,,,,,49.3,
676,222,2005,0.9,79.9,1.1,2.0,79.7,74.5,20.9,16.7,39258.3,13.3,549.2,7.0,14.5,2.7,,98.1,99.2,95.5,93.6,,,5.7,14.9
677,222,2010,0.9,80.8,1.1,2.0,80.6,75.6,20.2,18.4,44183.6,14.3,270.9,6.8,16.4,2.4,5.4,99.2,100.1,93.6,92.5,,,4.8,16.8
678,222,2018,0.7,82.3,0.9,1.9,81.2,76.5,18.8,22.0,49777.0,15.3,971.5,6.0,16.8,2.6,5.0,99.4,99.2,97.7,96.7,,,5.4,19.5
679,223,2005,0.0,93.3,0.3,2.2,78.9,71.6,23.8,17.9,82.3,2.5,0.1,14.4,8.6,3.7,2.7,112.4,115.3,108.5,94.2,57.9,33.2,5.7,12.1
680,223,2010,0.3,94.4,0.5,2.1,79.7,72.5,22.5,18.4,76.3,2.3,0.2,13.4,8.4,3.9,2.9,110.2,113.9,96.2,84.6,58.0,34.5,6.1,14.1
681,223,2018,0.3,95.3,0.5,2.0,80.4,73.2,20.9,19.7,79.6,2.3,1.1,12.7,9.2,,4.4,106.2,108.6,,,,,7.7,20.2
682,224,2005,1.3,48.5,2.3,2.5,71.0,64.5,32.6,6.6,1329.3,5.0,44.5,49.5,5.3,,,96.7,96.8,87.3,89.9,8.2,11.9,3.4,17.5
683,224,2010,1.5,51.0,2.5,2.5,72.2,66.1,29.1,6.2,1220.1,4.3,0.3,40.7,5.5,2.6,,92.8,94.5,89.6,89.6,7.6,11.1,3.0,22.0
684,224,2018,1.6,50.5,1.5,2.4,73.5,68.1,28.0,7.9,1159.2,3.6,86.4,31.3,6.2,2.5,,102.3,103.9,92.4,93.6,6.9,11.3,,16.0
685,225,2005,2.5,23.1,3.7,4.1,70.3,66.7,39.7,5.2,2.8,1.3,,34.6,1.9,0.1,8.4,116.1,119.2,39.5,45.8,3.5,5.9,2.5,3.8
686,225,2010,2.4,24.5,3.6,3.6,72.1,68.2,38.2,5.7,3.0,1.3,0.0,28.6,2.8,0.1,5.0,121.9,123.0,59.5,59.6,,,2.3,3.8
687,225,2018,2.3,25.3,2.7,3.4,73.6,69.4,35.8,6.8,3.2,1.2,0.0,24.3,3.5,0.2,5.5,118.7,120.7,56.4,53.4,,,2.1,0.0
688,226,2005,1.8,88.0,1.9,2.7,77.2,68.8,31.7,7.4,1070.6,4.0,206.3,18.1,4.0,1.9,,101.6,103.7,77.5,68.6,41.2,38.4,37.2,9.7
689,226,2010,1.6,88.1,1.6,2.5,77.7,69.4,29.8,8.3,1331.5,4.6,217.4,15.9,4.5,,6.9,99.9,102.9,84.7,77.2,97.7,57.8,45.1,17.5
690,226,2018,1.4,88.2,1.4,2.4,78.2,69.9,27.3,10.2,1426.3,4.5,172.8,13.8,3.2,,,95.2,97.8,88.9,82.5,,,56.3,22.2
691,227,2005,1.0,27.3,3.2,1.9,78.7,68.9,27.2,8.6,51.8,0.1,17.4,25.3,5.0,0.6,,94.5,99.5,,,13.3,18.7,1.2,27.3
692,227,2010,1.0,30.4,3.1,1.9,79.6,69.7,23.7,8.9,61.8,0.1,12.1,22.2,5.9,0.7,5.1,102.2,107.6,,,22.7,22.6,1.5,25.8
693,227,2018,1.1,35.9,3.2,2.0,80.3,70.7,23.0,11.6,76.1,0.1,11.0,19.3,5.7,0.8,5.7,110.1,109.8,,,31.3,25.3,1.5,26.7
694,228,2005,0.1,0.0,0.0,,75.5,73.1,,,2.4,16.2,,,,,,,,,,,,,
695,228,2010,-1.6,0.0,0.0,,,,,,2.8,20.7,,5.2,,,,,,,,,,,
696,228,2018,-2.1,0.0,0.0,2.1,78.7,72.8,25.5,15.4,2.8,23.6,,,,,,,,,,,,,
697,229,2005,6.6,86.0,6.7,2.8,65.8,62.3,31.5,3.6,3.9,0.9,,52.9,,,,,,,,,,,
698,229,2010,1.9,86.3,1.9,2.6,68.1,64.7,29.4,3.8,4.5,0.9,,43.1,,,,,,,,,,,
699,229,2018,1.8,86.7,1.9,2.6,70.3,66.9,27.7,5.7,5.4,1.0,,34.1,,,,,,,,,,,
700,230,2005,2.8,28.9,4.8,5.9,62.4,59.7,45.7,4.2,171.1,0.8,82.8,67.9,4.6,0.3,9.2,74.4,100.6,29.7,60.7,5.1,13.9,4.6,0.3
701,230,2010,2.7,31.8,4.6,5.0,64.1,61.4,42.5,4.4,285.8,1.2,508.6,53.0,5.2,0.3,5.2,81.2,99.5,33.2,53.4,6.4,14.6,4.7,0.3
702,230,2018,2.6,36.6,4.4,4.4,65.6,62.8,39.6,4.6,384.3,1.4,3206.8,47.2,6.0,0.3,,86.1,98.6,42.8,58.9,6.1,13.7,6.7,0.0
703,231,2005,2.7,36.9,3.9,6.0,48.4,45.3,47.0,3.9,252.7,2.1,185.7,82.2,7.4,0.1,1.7,107.4,112.5,,,,,7.6,12.0
704,231,2010,2.8,39.4,4.1,5.6,54.7,51.2,46.8,3.8,149.6,1.1,57.9,65.2,4.6,0.1,1.1,105.9,104.5,,,,,5.9,14.0
705,231,2018,3.0,43.5,4.3,5.2,61.9,57.5,44.5,3.7,157.0,0.9,58.5,53.8,5.4,0.1,,102.7,102.0,,,3.5,4.6,5.3,18.0
706,232,2005,1.1,34.1,1.3,4.0,45.5,42.7,41.8,4.5,392.7,3.0,14.0,67.2,,0.2,,97.2,98.5,36.8,40.8,,,10.4,10.0
707,232,2010,1.7,33.2,1.2,4.0,49.4,47.2,41.5,4.3,397.9,2.8,4.9,58.3,11.6,0.1,1.8,,,,,5.4,6.8,5.0,15.0
708,232,2018,2.3,32.2,1.8,4.0,59.0,56.1,41.0,4.2,403.9,2.4,11.0,46.5,10.3,0.1,7.5,97.9,99.5,46.7,47.6,8.0,8.9,6.7,33.2
